datetime,open,high,low,close,volume,hold
2026-05-06 14:15:00,18862.0,18887.0,18826.0,18838.0,4146,182030
2026-05-06 14:30:00,18830.0,18884.0,18820.0,18854.0,9271,181965
2026-05-06 14:45:00,18859.0,18868.0,18823.0,18841.0,7678,181886
2026-05-06 15:00:00,18840.0,18856.0,18832.0,18851.0,182,180229
2026-05-06 21:15:00,19029.0,19197.0,18991.0,19108.0,50951,183760
2026-05-06 21:30:00,19110.0,19159.0,19052.0,19092.0,19947,183736
2026-05-06 21:45:00,19092.0,19178.0,19055.0,19136.0,19316,184036
2026-05-06 22:00:00,19136.0,19177.0,19103.0,19139.0,15522,184263
2026-05-06 22:15:00,19137.0,19227.0,19090.0,19205.0,21280,184688
2026-05-06 22:30:00,19205.0,19233.0,19154.0,19166.0,5829,185220
2026-05-06 22:45:00,19164.0,19222.0,19156.0,19217.0,12130,185187
2026-05-06 23:00:00,19217.0,19222.0,19172.0,19177.0,9521,185389
2026-05-06 23:15:00,19176.0,19202.0,19125.0,19149.0,12091,185737
2026-05-06 23:30:00,19149.0,19177.0,19143.0,19152.0,7023,185808
2026-05-06 23:45:00,19152.0,19168.0,19137.0,19155.0,6012,185916
2026-05-07 00:00:00,19158.0,19173.0,19112.0,19113.0,5871,185696
2026-05-07 00:15:00,19115.0,19131.0,19096.0,19115.0,7543,185542
2026-05-07 00:30:00,19118.0,19164.0,19100.0,19154.0,5508,185236
2026-05-07 00:45:00,19156.0,19171.0,19152.0,19153.0,3891,184871
2026-05-07 01:00:00,19152.0,19157.0,19096.0,19103.0,5959,184887
2026-05-07 01:15:00,19104.0,19135.0,19085.0,19120.0,930,184896
2026-05-07 01:30:00,19123.0,19124.0,19095.0,19110.0,3466,185036
2026-05-07 01:45:00,19109.0,19126.0,19100.0,19124.0,2159,184866
2026-05-07 02:00:00,19123.0,19150.0,19121.0,19146.0,2650,184517
2026-05-07 02:15:00,19146.0,19168.0,19134.0,19162.0,2770,184118
2026-05-07 02:30:00,19162.0,19175.0,19146.0,19163.0,3088,183107
2026-05-07 09:15:00,19145.0,19330.0,19077.0,19315.0,6464,184297
2026-05-07 09:30:00,19315.0,19367.0,19275.0,19290.0,18890,183970
2026-05-07 09:45:00,19288.0,19390.0,19278.0,19376.0,12728,184393
2026-05-07 10:00:00,19378.0,19445.0,19370.0,19384.0,13363,185069
2026-05-07 10:15:00,19382.0,19428.0,19245.0,19282.0,15932,183491
2026-05-07 10:45:00,19281.0,19324.0,19211.0,19313.0,14229,182655
2026-05-07 11:00:00,19314.0,19350.0,19279.0,19288.0,8294,182452
2026-05-07 11:15:00,19288.0,19300.0,19244.0,19261.0,6502,182062
2026-05-07 11:30:00,19257.0,19317.0,19256.0,19280.0,3015,181313
2026-05-07 13:45:00,19259.0,19331.0,19250.0,19304.0,9159,181974
2026-05-07 14:00:00,19303.0,19311.0,19231.0,19251.0,8372,181857
2026-05-07 14:15:00,19251.0,19360.0,19249.0,19336.0,10602,181932
2026-05-07 14:30:00,19336.0,19448.0,19329.0,19443.0,13857,182307
2026-05-07 14:45:00,19443.0,19517.0,19420.0,19499.0,1191,183045
2026-05-07 15:00:00,19499.0,19502.0,19469.0,19493.0,56,181076
2026-05-07 21:15:00,20060.0,20060.0,19867.0,19876.0,56879,185193
2026-05-07 21:30:00,19878.0,19970.0,19876.0,19914.0,20796,186571
2026-05-07 21:45:00,19912.0,19970.0,19880.0,19952.0,17529,186998
2026-05-07 22:00:00,19950.0,19967.0,19874.0,19949.0,20371,186859
2026-05-07 22:15:00,19949.0,20079.0,19930.0,20062.0,19447,186437
2026-05-07 22:30:00,20060.0,20075.0,19964.0,20040.0,6126,186758
2026-05-07 22:45:00,20040.0,20075.0,20020.0,20041.0,14618,187032
2026-05-07 23:00:00,20040.0,20150.0,20040.0,20127.0,21119,188636
2026-05-07 23:15:00,20128.0,20138.0,20023.0,20029.0,16654,188051
2026-05-07 23:30:00,20029.0,20045.0,19901.0,19933.0,22369,187389
2026-05-07 23:45:00,19933.0,19986.0,19925.0,19927.0,13551,187606
2026-05-08 00:00:00,19928.0,19930.0,19779.0,19804.0,23288,185692
2026-05-08 00:15:00,19804.0,19820.0,19660.0,19687.0,29373,185192
2026-05-08 00:30:00,19687.0,19771.0,19561.0,19729.0,36952,183941
2026-05-08 00:45:00,19729.0,19739.0,19670.0,19702.0,13136,183997
2026-05-08 01:00:00,19702.0,19767.0,19697.0,19737.0,11107,183549
2026-05-08 01:15:00,19738.0,19754.0,19690.0,19705.0,3768,183079
2026-05-08 01:30:00,19702.0,19702.0,19523.0,19577.0,27403,182316
2026-05-08 01:45:00,19578.0,19666.0,19554.0,19647.0,13562,182228
2026-05-08 02:00:00,19643.0,19728.0,19635.0,19718.0,9368,181450
2026-05-08 02:15:00,19715.0,19720.0,19683.0,19694.0,5810,181198
2026-05-08 02:30:00,19694.0,19714.0,19657.0,19707.0,5606,179715
2026-05-08 09:15:00,19620.0,19837.0,19603.0,19787.0,18232,181793
2026-05-08 09:30:00,19786.0,19835.0,19757.0,19810.0,12205,182122
2026-05-08 09:45:00,19809.0,19831.0,19723.0,19759.0,12725,181547
2026-05-08 10:00:00,19760.0,19866.0,19757.0,19806.0,13354,181503
2026-05-08 10:15:00,19805.0,19848.0,19781.0,19794.0,7912,181408
2026-05-08 10:45:00,19772.0,19801.0,19673.0,19693.0,1326,180387
2026-05-08 11:00:00,19690.0,19725.0,19690.0,19706.0,137,179941
2026-05-08 11:15:00,19721.0,19756.0,19705.0,19748.0,993,179744
2026-05-08 11:30:00,19749.0,19785.0,19728.0,19753.0,154,179218
2026-05-08 13:45:00,19771.0,19888.0,19771.0,19834.0,1224,180167
2026-05-08 14:00:00,19832.0,19908.0,19815.0,19890.0,130,180174
2026-05-08 14:15:00,19891.0,19943.0,19814.0,19882.0,1365,180499
2026-05-08 14:30:00,19880.0,19923.0,19853.0,19917.0,7181,180766
2026-05-08 14:45:00,19872.0,19889.0,19872.0,19881.0,63,180089
2026-05-08 15:00:00,19876.0,19876.0,19822.0,19840.0,221,178218
2026-05-08 21:15:00,20040.0,20040.0,19863.0,19886.0,38270,182162
2026-05-08 21:30:00,19881.0,19978.0,19875.0,19938.0,17471,183137
2026-05-08 21:45:00,19936.0,20078.0,19933.0,20013.0,31029,184166
2026-05-08 22:00:00,20016.0,20065.0,20000.0,20060.0,14726,185115
2026-05-08 22:15:00,20060.0,20075.0,19848.0,19928.0,183,183186
2026-05-08 22:30:00,19928.0,19949.0,19834.0,19837.0,368,183758
2026-05-08 22:45:00,19833.0,19898.0,19808.0,19878.0,71,183244
2026-05-08 23:00:00,19879.0,19887.0,19820.0,19848.0,93,183153
2026-05-08 23:15:00,19848.0,19906.0,19766.0,19780.0,113,182582
2026-05-08 23:30:00,19781.0,19808.0,19750.0,19801.0,157,182536
2026-05-08 23:45:00,19802.0,19819.0,19716.0,19746.0,123,182292
2026-05-09 00:15:00,19729.0,19777.0,19713.0,19773.0,24,181468
2026-05-09 00:30:00,19773.0,19847.0,19767.0,19839.0,157,180903
2026-05-09 00:45:00,19837.0,19856.0,19787.0,19787.0,26,180555
2026-05-09 01:00:00,19786.0,19801.0,19713.0,19723.0,46,180086
2026-05-09 01:15:00,19723.0,19757.0,19718.0,19733.0,20,180099
2026-05-09 01:30:00,19733.0,19792.0,19732.0,19785.0,19,179738
2026-05-09 01:45:00,19785.0,19813.0,19761.0,19779.0,34,179373
2026-05-09 02:00:00,19779.0,19809.0,19779.0,19792.0,7,178915
2026-05-09 02:15:00,19794.0,19918.0,19783.0,19894.0,84,177144
2026-05-09 02:30:00,19893.0,19907.0,19833.0,19860.0,68,175010
2026-05-11 00:00:00,19746.0,19766.0,19705.0,19720.0,86,181918
2026-05-11 09:15:00,19700.0,19817.0,19579.0,19728.0,15883,175352
2026-05-11 09:30:00,19728.0,19928.0,19706.0,19886.0,18953,175920
2026-05-11 09:45:00,19889.0,19936.0,19845.0,19908.0,13891,176694
2026-05-11 10:00:00,19909.0,19948.0,19856.0,19902.0,13064,176602
2026-05-11 10:15:00,19907.0,20011.0,19881.0,19941.0,16801,176702
2026-05-11 10:45:00,19955.0,20120.0,19940.0,20045.0,20374,178530
2026-05-11 11:00:00,20045.0,20082.0,19960.0,19976.0,13766,178302
2026-05-11 11:15:00,19977.0,20008.0,19920.0,19983.0,9077,178041
2026-05-11 11:30:00,19982.0,19988.0,19943.0,19979.0,2225,177390
2026-05-11 13:45:00,19810.0,19982.0,19744.0,19759.0,25584,176254
2026-05-11 14:00:00,19760.0,19787.0,19682.0,19710.0,20944,175418
2026-05-11 14:15:00,19710.0,19857.0,19702.0,19842.0,10754,175537
2026-05-11 14:30:00,19844.0,19875.0,19816.0,19863.0,674,175622
2026-05-11 14:45:00,19863.0,19887.0,19839.0,19875.0,2178,175876
2026-05-11 15:00:00,19875.0,19933.0,19861.0,19929.0,258,175256
2026-05-11 21:15:00,20580.0,20967.0,20560.0,20944.0,86103,181833
2026-05-11 21:30:00,20942.0,20998.0,20876.0,20955.0,39923,183132
2026-05-11 21:45:00,20961.0,21111.0,20935.0,21093.0,35253,185024
2026-05-11 22:00:00,21090.0,21094.0,21012.0,21037.0,450,185165
2026-05-11 22:15:00,21038.0,21046.0,20855.0,20980.0,1106,183134
2026-05-11 22:30:00,20980.0,20988.0,20896.0,20896.0,238,183076
2026-05-11 22:45:00,20894.0,20957.0,20815.0,20943.0,22,182083
2026-05-11 23:00:00,20943.0,20968.0,20907.0,20953.0,1,182207
2026-05-11 23:15:00,20952.0,21066.0,20939.0,21017.0,71,183561
2026-05-11 23:30:00,21015.0,21157.0,21003.0,21089.0,41,184325
2026-05-11 23:45:00,21091.0,21149.0,21076.0,21102.0,358,185013
2026-05-12 00:00:00,21098.0,21163.0,21065.0,21148.0,52,184808
2026-05-12 00:15:00,21149.0,21161.0,21080.0,21087.0,23,185149
2026-05-12 00:30:00,21087.0,21100.0,21051.0,21070.0,3,184754
2026-05-12 00:45:00,21070.0,21103.0,20984.0,20998.0,16,184168
2026-05-12 01:00:00,20998.0,21030.0,20973.0,21029.0,12,184171
2026-05-12 01:15:00,21029.0,21052.0,20983.0,20991.0,40,183746
2026-05-12 01:30:00,20992.0,21071.0,20986.0,21055.0,21,183234
2026-05-12 01:45:00,21055.0,21118.0,21055.0,21083.0,19,183003
2026-05-12 02:00:00,21083.0,21094.0,21052.0,21094.0,24,182711
2026-05-12 02:15:00,21094.0,21132.0,21068.0,21082.0,2,182316
2026-05-12 02:30:00,21082.0,21148.0,21060.0,21147.0,201,180780
2026-05-12 09:15:00,21188.0,21445.0,21140.0,21401.0,960,182273
2026-05-12 09:30:00,21402.0,21469.0,21288.0,21290.0,30,181330
2026-05-12 09:45:00,21277.0,21280.0,21092.0,21240.0,12109,179710
2026-05-12 10:00:00,21202.0,21253.0,21175.0,21200.0,2157,179229
2026-05-12 10:15:00,21228.0,21295.0,21207.0,21229.0,163,178653
2026-05-12 10:45:00,21177.0,21230.0,21044.0,21164.0,107,177299
2026-05-12 11:00:00,21187.0,21278.0,21167.0,21235.0,1091,177163
2026-05-12 11:15:00,21235.0,21263.0,21180.0,21236.0,1829,176797
2026-05-12 11:30:00,21235.0,21238.0,21130.0,21148.0,1025,175472
2026-05-12 13:45:00,21100.0,21141.0,21046.0,21066.0,592,175579
2026-05-12 14:00:00,21063.0,21085.0,20986.0,21068.0,84,174896
2026-05-12 14:15:00,21018.0,21022.0,20865.0,20891.0,140,172510
2026-05-12 14:30:00,20907.0,20954.0,20834.0,20839.0,2784,171199
2026-05-12 14:45:00,20836.0,20886.0,20802.0,20840.0,8284,170779
2026-05-12 15:00:00,20830.0,20830.0,20717.0,20779.0,180,167689
2026-05-12 21:15:00,20843.0,20971.0,20781.0,20812.0,39291,170459
2026-05-12 21:30:00,20812.0,20834.0,20733.0,20819.0,22637,170791
2026-05-12 21:45:00,20821.0,21000.0,20806.0,20976.0,28920,171572
2026-05-12 22:00:00,20976.0,21012.0,20843.0,20850.0,21583,171022
2026-05-12 22:15:00,20851.0,21029.0,20812.0,21007.0,22532,171146
2026-05-12 22:30:00,21008.0,21013.0,20935.0,20957.0,6448,171253
2026-05-12 22:45:00,20957.0,20967.0,20868.0,20950.0,18590,171102
2026-05-12 23:00:00,20952.0,20952.0,20801.0,20825.0,18512,171242
2026-05-12 23:15:00,20825.0,20854.0,20767.0,20771.0,19697,171338
2026-05-12 23:30:00,20773.0,20777.0,20532.0,20653.0,42783,172814
2026-05-12 23:45:00,20654.0,20745.0,20620.0,20723.0,20217,172972
2026-05-13 00:00:00,20723.0,20756.0,20688.0,20724.0,8934,172771
2026-05-13 00:15:00,20724.0,20825.0,20705.0,20809.0,12827,172580
2026-05-13 00:30:00,20809.0,20837.0,20764.0,20786.0,9340,172857
2026-05-13 00:45:00,20786.0,20814.0,20756.0,20769.0,6507,172901
2026-05-13 01:00:00,20769.0,20870.0,20717.0,20841.0,11902,172366
2026-05-13 01:15:00,20842.0,20913.0,20842.0,20878.0,2352,172382
2026-05-13 01:30:00,20878.0,20924.0,20870.0,20870.0,7111,172074
2026-05-13 01:45:00,20872.0,20951.0,20847.0,20946.0,8365,171432
2026-05-13 02:00:00,20949.0,20949.0,20896.0,20904.0,4827,170991
2026-05-13 02:15:00,20902.0,20942.0,20855.0,20897.0,6387,170560
2026-05-13 02:30:00,20897.0,20973.0,20891.0,20963.0,6199,169204
2026-05-13 09:15:00,21378.0,21564.0,20964.0,21494.0,27093,167349
2026-05-13 09:30:00,21493.0,21521.0,21339.0,21352.0,23907,165843
2026-05-13 09:45:00,21351.0,21413.0,21267.0,21385.0,19813,165165
2026-05-13 10:00:00,21385.0,21436.0,21320.0,21339.0,11496,165304
2026-05-13 10:15:00,21340.0,21439.0,21333.0,21374.0,11578,164831
2026-05-13 10:45:00,21365.0,21371.0,21279.0,21285.0,11961,165041
2026-05-13 11:00:00,21285.0,21299.0,21101.0,21167.0,23001,164048
2026-05-13 11:15:00,21170.0,21222.0,21135.0,21213.0,1166,163472
2026-05-13 11:30:00,21212.0,21278.0,21186.0,21252.0,8079,162512
2026-05-13 13:45:00,21168.0,21252.0,21050.0,21123.0,17002,162815
2026-05-13 14:00:00,21124.0,21247.0,21118.0,21240.0,68,162680
2026-05-13 14:15:00,21240.0,21308.0,21208.0,21307.0,1115,163173
2026-05-13 14:30:00,21307.0,21365.0,21272.0,21274.0,555,163097
2026-05-13 14:45:00,21274.0,21341.0,21270.0,21325.0,108,163128
2026-05-13 15:00:00,21329.0,21338.0,21248.0,21297.0,8856,161497
2026-05-13 21:15:00,21204.0,21412.0,21203.0,21405.0,28906,164677
2026-05-13 21:30:00,21403.0,21440.0,21369.0,21391.0,18282,165408
2026-05-13 21:45:00,21381.0,21450.0,21287.0,21393.0,28334,164944
2026-05-13 22:00:00,21394.0,21427.0,21303.0,21384.0,20952,165417
2026-05-13 22:15:00,21385.0,21471.0,21346.0,21455.0,19583,166830
2026-05-13 22:30:00,21456.0,21542.0,21393.0,21535.0,10671,168233
2026-05-13 22:45:00,21535.0,21658.0,21521.0,21592.0,28821,170170
2026-05-13 23:00:00,21595.0,21674.0,21550.0,21573.0,20161,170666
2026-05-13 23:15:00,21573.0,21771.0,21564.0,21717.0,22181,171881
2026-05-13 23:30:00,21717.0,21739.0,21690.0,21729.0,12086,172216
2026-05-13 23:45:00,21727.0,21828.0,21684.0,21809.0,19786,172581
2026-05-14 00:00:00,21809.0,21864.0,21790.0,21864.0,11834,173198
2026-05-14 00:15:00,21866.0,22025.0,21850.0,22013.0,27983,173252
2026-05-14 00:30:00,22017.0,22051.0,21920.0,21999.0,23831,172981
2026-05-14 00:45:00,22000.0,22002.0,21872.0,21892.0,16936,172050
2026-05-14 01:00:00,21887.0,21920.0,21824.0,21836.0,16001,171291
2026-05-14 01:15:00,21838.0,21938.0,21830.0,21931.0,3501,170773
2026-05-14 01:30:00,21930.0,21944.0,21809.0,21830.0,13270,170675
2026-05-14 01:45:00,21833.0,21834.0,21687.0,21692.0,17259,169299
2026-05-14 02:00:00,21689.0,21724.0,21673.0,21689.0,9881,168877
2026-05-14 02:15:00,21689.0,21766.0,21682.0,21745.0,7604,167970
2026-05-14 02:30:00,21746.0,21751.0,21680.0,21733.0,7847,166020
2026-05-14 09:15:00,21725.0,21842.0,21433.0,21458.0,36442,162958
2026-05-14 09:30:00,21458.0,21578.0,21406.0,21537.0,21182,161451
2026-05-14 09:45:00,21537.0,21544.0,21419.0,21492.0,15555,160466
2026-05-14 10:00:00,21492.0,21553.0,21388.0,21448.0,17318,159087
2026-05-14 10:15:00,21448.0,21485.0,21391.0,21416.0,10818,158419
2026-05-14 10:45:00,21458.0,21544.0,21396.0,21434.0,14416,157868
2026-05-14 11:00:00,21434.0,21450.0,21325.0,21380.0,14342,156972
2026-05-14 11:15:00,21380.0,21441.0,21272.0,21280.0,15192,155607
2026-05-14 11:30:00,21282.0,21370.0,21255.0,21368.0,12340,154997
2026-05-14 13:45:00,21348.0,21465.0,21348.0,21460.0,12972,155636
2026-05-14 14:00:00,21463.0,21500.0,21371.0,21380.0,10026,155149
2026-05-14 14:15:00,21369.0,21442.0,21369.0,21404.0,1,154748
2026-05-14 14:30:00,21403.0,21429.0,21365.0,21374.0,996,154256
2026-05-14 14:45:00,21374.0,21403.0,21336.0,21399.0,14,153395
2026-05-14 15:00:00,21399.0,21426.0,21349.0,21387.0,605,151996
2026-05-14 21:15:00,21280.0,21333.0,21087.0,21216.0,154,153250
2026-05-14 21:30:00,21217.0,21221.0,20931.0,20949.0,77,153185
2026-05-14 21:45:00,20948.0,20948.0,20675.0,20753.0,280,153221
2026-05-14 22:00:00,20750.0,20825.0,20632.0,20647.0,451,152991
2026-05-14 22:15:00,20646.0,20826.0,20633.0,20801.0,6,151916
2026-05-14 22:30:00,20801.0,20904.0,20792.0,20841.0,25,151957
2026-05-14 22:45:00,20843.0,20916.0,20827.0,20860.0,1993,152057
2026-05-14 23:00:00,20860.0,20908.0,20782.0,20784.0,2670,152247
2026-05-14 23:15:00,20782.0,20865.0,20772.0,20845.0,41,152426
2026-05-14 23:30:00,20844.0,20950.0,20821.0,20923.0,7,152316
2026-05-14 23:45:00,20923.0,20959.0,20872.0,20891.0,28,152120
2026-05-15 00:00:00,20891.0,20908.0,20840.0,20870.0,56,151891
2026-05-15 00:15:00,20872.0,20905.0,20810.0,20875.0,102,151973
2026-05-15 00:30:00,20876.0,20913.0,20844.0,20854.0,50,151775
2026-05-15 00:45:00,20849.0,20860.0,20776.0,20834.0,2,151716
2026-05-15 01:00:00,20833.0,20863.0,20805.0,20850.0,23,151613
2026-05-15 01:15:00,20850.0,20883.0,20813.0,20826.0,16,151544
2026-05-15 01:30:00,20826.0,20873.0,20816.0,20844.0,22,151448
2026-05-15 01:45:00,20843.0,20896.0,20835.0,20886.0,25,151369
2026-05-15 02:00:00,20886.0,20889.0,20861.0,20864.0,4,150986
2026-05-15 02:15:00,20864.0,20864.0,20777.0,20830.0,20,150566
2026-05-15 02:30:00,20830.0,20844.0,20813.0,20826.0,82,149546
2026-05-15 09:15:00,20421.0,20421.0,20032.0,20051.0,842,147011
2026-05-15 09:30:00,20052.0,20080.0,19915.0,19922.0,1100,145781
2026-05-15 09:45:00,19922.0,20065.0,19922.0,20062.0,1016,144221
2026-05-15 10:00:00,20060.0,20064.0,19819.0,19863.0,1854,143416
2026-05-15 10:15:00,19904.0,19964.0,19898.0,19954.0,61,142781
2026-05-15 10:45:00,19955.0,19995.0,19915.0,19975.0,3376,142193
2026-05-15 11:00:00,19976.0,20062.0,19961.0,20021.0,30,140901
2026-05-15 11:15:00,20022.0,20088.0,20015.0,20037.0,2473,140579
2026-05-15 11:30:00,20037.0,20042.0,19928.0,19935.0,3400,139616
2026-05-15 13:45:00,19768.0,19768.0,19222.0,19277.0,34282,140034
2026-05-15 14:00:00,19315.0,19315.0,19210.0,19210.0,6096,139835
2026-05-15 14:15:00,19208.0,19257.0,19124.0,19233.0,5707,138595
2026-05-15 14:30:00,19229.0,19277.0,19219.0,19231.0,106,137617
2026-05-15 14:45:00,19284.0,19290.0,19239.0,19249.0,76,136473
2026-05-15 15:00:00,19262.0,19275.0,19186.0,19199.0,228,133809
2026-05-15 21:15:00,18978.0,19012.0,18790.0,18908.0,52769,137093
2026-05-15 21:30:00,18908.0,18998.0,18840.0,18917.0,21630,138071
2026-05-15 21:45:00,18914.0,18930.0,18695.0,18704.0,33018,137905
2026-05-15 22:00:00,18703.0,18840.0,18667.0,18786.0,28631,138211
2026-05-15 22:15:00,18787.0,18849.0,18701.0,18818.0,20966,138338
2026-05-15 22:30:00,18816.0,18917.0,18764.0,18884.0,6144,138467
2026-05-15 22:45:00,18882.0,18900.0,18793.0,18826.0,13392,137775
2026-05-15 23:00:00,18826.0,18879.0,18743.0,18865.0,16898,137067
2026-05-15 23:15:00,18865.0,18880.0,18785.0,18812.0,12091,137175
2026-05-15 23:30:00,18812.0,18834.0,18760.0,18799.0,10639,137275
2026-05-15 23:45:00,18802.0,18827.0,18767.0,18794.0,8421,137309
2026-05-16 00:15:00,18767.0,18775.0,18677.0,18711.0,21,137113
2026-05-16 00:30:00,18712.0,18796.0,18701.0,18766.0,1,136711
2026-05-16 00:45:00,18766.0,18810.0,18762.0,18788.0,6,136575
2026-05-16 01:00:00,18787.0,18805.0,18760.0,18780.0,76,136409
2026-05-16 01:15:00,18779.0,18863.0,18770.0,18859.0,2086,136456
2026-05-16 01:30:00,18859.0,18990.0,18838.0,18932.0,11087,135815
2026-05-16 01:45:00,18934.0,18969.0,18898.0,18932.0,7874,135874
2026-05-16 02:00:00,18932.0,18937.0,18845.0,18900.0,6612,135360
2026-05-16 02:15:00,18899.0,18926.0,18860.0,18922.0,4841,135035
2026-05-16 02:30:00,18922.0,18933.0,18849.0,18888.0,7448,133386
2026-05-16 09:15:00,18889.0,18889.0,18889.0,18889.0,0,133377
2026-05-18 00:00:00,18792.0,18856.0,18677.0,18842.0,49440,136493
2026-05-18 09:15:00,18489.0,18489.0,18159.0,18184.0,31039,133870
2026-05-18 09:30:00,18178.0,18258.0,18136.0,18200.0,26626,133854
2026-05-18 09:45:00,18197.0,18327.0,18197.0,18311.0,17524,133709
2026-05-18 10:00:00,18311.0,18565.0,18305.0,18386.0,24210,132146
2026-05-18 10:15:00,18386.0,18464.0,18346.0,18435.0,12932,132057
2026-05-18 10:45:00,18459.0,18506.0,18389.0,18450.0,11867,132341
2026-05-18 11:00:00,18451.0,18516.0,18403.0,18417.0,10086,132374
2026-05-18 11:15:00,18417.0,18448.0,18348.0,18370.0,9206,132180
2026-05-18 11:30:00,18370.0,18421.0,18343.0,18364.0,8929,131679
2026-05-18 13:45:00,18508.0,18515.0,18364.0,18466.0,2544,132001
2026-05-18 14:00:00,18464.0,18489.0,18375.0,18386.0,8873,131968
2026-05-18 14:15:00,18385.0,18424.0,18354.0,18397.0,9215,131587
2026-05-18 14:30:00,18399.0,18464.0,18384.0,18426.0,8043,131433
2026-05-18 14:45:00,18422.0,18465.0,18393.0,18458.0,7882,131430
2026-05-18 15:00:00,18461.0,18576.0,18455.0,18576.0,143,130142
2026-05-18 21:15:00,18898.0,19080.0,18898.0,19032.0,36286,129719
2026-05-18 21:30:00,19037.0,19075.0,18977.0,19040.0,14143,129532
2026-05-18 21:45:00,19040.0,19119.0,19001.0,19040.0,19257,129525
2026-05-18 22:00:00,19040.0,19136.0,19020.0,19089.0,15138,128882
2026-05-18 22:15:00,19086.0,19103.0,18873.0,18900.0,22712,128455
2026-05-18 22:30:00,18897.0,18934.0,18793.0,18854.0,7597,128551
2026-05-18 22:45:00,18854.0,18863.0,18668.0,18744.0,19954,128675
2026-05-18 23:00:00,18744.0,18793.0,18656.0,18780.0,14416,128719
2026-05-18 23:15:00,18775.0,18807.0,18660.0,18727.0,16566,128492
2026-05-18 23:30:00,18727.0,18743.0,18680.0,18681.0,7248,128424
2026-05-18 23:45:00,18680.0,18774.0,18665.0,18737.0,8311,128308
2026-05-19 00:00:00,18735.0,18790.0,18733.0,18782.0,4571,128185
2026-05-19 00:15:00,18782.0,18788.0,18733.0,18782.0,4864,127744
2026-05-19 00:30:00,18782.0,18835.0,18667.0,18698.0,9795,126910
2026-05-19 00:45:00,18698.0,18780.0,18674.0,18735.0,6602,126872
2026-05-19 01:00:00,18735.0,18814.0,18733.0,18774.0,4793,127006
2026-05-19 01:15:00,18773.0,18843.0,18763.0,18804.0,852,127059
2026-05-19 01:30:00,18805.0,18836.0,18790.0,18810.0,3282,126810
2026-05-19 01:45:00,18810.0,18815.0,18777.0,18804.0,2394,126564
2026-05-19 02:00:00,18804.0,18810.0,18752.0,18781.0,1818,126365
2026-05-19 02:15:00,18781.0,18788.0,18740.0,18770.0,1918,126166
2026-05-19 02:30:00,18770.0,18798.0,18742.0,18791.0,3040,125231
2026-05-19 09:15:00,18968.0,18997.0,18791.0,18911.0,3114,124626
2026-05-19 09:30:00,18911.0,18938.0,18783.0,18814.0,11665,123738
2026-05-19 09:45:00,18809.0,18925.0,18759.0,18899.0,9080,122733
2026-05-19 10:00:00,18893.0,18903.0,18806.0,18811.0,6984,122154
2026-05-19 10:15:00,18809.0,18825.0,18618.0,18665.0,12853,121080
2026-05-19 10:45:00,18670.0,18690.0,18572.0,18638.0,10808,120395
2026-05-19 11:00:00,18638.0,18658.0,18575.0,18597.0,6468,120028
2026-05-19 11:15:00,18597.0,18655.0,18564.0,18642.0,7117,119737
2026-05-19 11:30:00,18645.0,18688.0,18593.0,18645.0,6187,119071
2026-05-19 13:45:00,18580.0,18641.0,18452.0,18506.0,7856,118078
2026-05-19 14:00:00,18507.0,18662.0,18486.0,18635.0,9664,117615
2026-05-19 14:15:00,18638.0,18686.0,18585.0,18665.0,7656,117404
2026-05-19 14:30:00,18665.0,18732.0,18655.0,18656.0,7288,116897
2026-05-19 14:45:00,18655.0,18687.0,18641.0,18681.0,5295,116369
2026-05-19 15:00:00,18681.0,18685.0,18609.0,18670.0,4282,114908
2026-05-19 21:15:00,18611.0,18611.0,18411.0,18480.0,17960,116495
2026-05-19 21:30:00,18481.0,18504.0,18035.0,18050.0,31091,116812
2026-05-19 21:45:00,18052.0,18081.0,17893.0,17985.0,37339,116634
2026-05-19 22:00:00,17983.0,18215.0,17983.0,18171.0,22780,115684
2026-05-19 22:15:00,18169.0,18279.0,18130.0,18135.0,17722,115846
2026-05-19 22:30:00,18135.0,18185.0,18075.0,18155.0,3136,115583
2026-05-19 22:45:00,18160.0,18181.0,18101.0,18130.0,8294,115278
2026-05-19 23:00:00,18130.0,18142.0,18050.0,18124.0,8431,115206
2026-05-19 23:15:00,18127.0,18159.0,18093.0,18142.0,6534,115212
2026-05-19 23:30:00,18144.0,18205.0,18142.0,18163.0,6534,114686
2026-05-19 23:45:00,18163.0,18221.0,18157.0,18191.0,5197,114640
2026-05-20 00:00:00,18193.0,18208.0,18156.0,18193.0,2090,114501
2026-05-20 00:15:00,18193.0,18238.0,18159.0,18175.0,4639,114311
2026-05-20 00:30:00,18175.0,18199.0,18127.0,18188.0,4168,114365
2026-05-20 00:45:00,18188.0,18218.0,18176.0,18192.0,3238,114485
2026-05-20 01:00:00,18192.0,18219.0,18185.0,18202.0,1736,114528
2026-05-20 01:15:00,18202.0,18258.0,18200.0,18255.0,546,114525
2026-05-20 01:30:00,18250.0,18254.0,18203.0,18213.0,2384,114431
2026-05-20 01:45:00,18213.0,18225.0,18181.0,18198.0,2127,114207
2026-05-20 02:00:00,18198.0,18200.0,18161.0,18184.0,1757,114035
2026-05-20 02:15:00,18186.0,18208.0,18178.0,18193.0,1211,113866
2026-05-20 02:30:00,18193.0,18195.0,18103.0,18155.0,2621,113254
2026-05-20 09:15:00,18204.0,18315.0,18026.0,18126.0,17531,112404
2026-05-20 09:30:00,18126.0,18195.0,17960.0,17964.0,11035,111256
2026-05-20 09:45:00,17966.0,18046.0,17921.0,17980.0,12847,110687
2026-05-20 10:00:00,17957.0,18111.0,17956.0,18072.0,9056,110366
2026-05-20 10:15:00,18075.0,18115.0,17964.0,18005.0,8540,109909
2026-05-20 10:45:00,18007.0,18024.0,17811.0,17854.0,12271,109525
2026-05-20 11:00:00,17882.0,17927.0,17860.0,17905.0,1974,109310
2026-05-20 11:15:00,17907.0,17912.0,17836.0,17899.0,6532,108678
2026-05-20 11:30:00,17899.0,17984.0,17894.0,17977.0,6250,107903
2026-05-20 13:45:00,18040.0,18198.0,17977.0,18128.0,12222,106939
2026-05-20 14:00:00,18127.0,18156.0,18070.0,18128.0,7594,106853
2026-05-20 14:15:00,18128.0,18200.0,18111.0,18200.0,263,106703
2026-05-20 14:30:00,18276.0,18276.0,18228.0,18237.0,84,105965
2026-05-20 14:45:00,18233.0,18277.0,18186.0,18269.0,66,105325
2026-05-20 15:00:00,18269.0,18451.0,18268.0,18443.0,103,104648
2026-05-20 21:15:00,18500.0,18545.0,18300.0,18396.0,19773,105355
2026-05-20 21:30:00,18399.0,18400.0,18273.0,18274.0,9099,105171
2026-05-20 21:45:00,18274.0,18322.0,18220.0,18286.0,11057,104850
2026-05-20 22:00:00,18288.0,18318.0,18232.0,18260.0,7285,104577
2026-05-20 22:15:00,18258.0,18278.0,18164.0,18254.0,9854,104411
2026-05-20 22:30:00,18252.0,18510.0,18252.0,18501.0,3719,104096
2026-05-20 22:45:00,18502.0,18725.0,18502.0,18598.0,20979,103945
2026-05-20 23:00:00,18593.0,18670.0,18563.0,18600.0,8832,103928
2026-05-20 23:15:00,18600.0,18646.0,18481.0,18505.0,10150,103746
2026-05-20 23:30:00,18504.0,18687.0,18504.0,18553.0,15559,103292
2026-05-20 23:45:00,18555.0,18599.0,18551.0,18590.0,3869,103115
2026-05-21 00:00:00,18590.0,18612.0,18470.0,18505.0,4775,102970
2026-05-21 00:15:00,18503.0,18576.0,18500.0,18551.0,2938,102720
2026-05-21 00:30:00,18551.0,18551.0,18490.0,18512.0,4013,102639
2026-05-21 00:45:00,18512.0,18564.0,18492.0,18559.0,3119,102483
2026-05-21 01:00:00,18560.0,18577.0,18529.0,18563.0,2468,102442
2026-05-21 01:15:00,18565.0,18625.0,18547.0,18600.0,3088,102253
2026-05-21 01:30:00,18600.0,18615.0,18552.0,18564.0,2282,102174
2026-05-21 01:45:00,18564.0,18592.0,18545.0,18570.0,2078,102411
2026-05-21 02:00:00,18570.0,18586.0,18539.0,18543.0,980,102251
2026-05-21 02:15:00,18541.0,18595.0,18517.0,18579.0,1570,102159
2026-05-21 02:30:00,18579.0,18644.0,18577.0,18607.0,2039,101731
2026-05-21 09:15:00,18606.0,18773.0,18530.0,18750.0,15553,101461
2026-05-21 09:30:00,18750.0,18799.0,18686.0,18770.0,3238,100725
2026-05-21 09:45:00,18772.0,18839.0,18713.0,18736.0,7959,99784
2026-05-21 10:00:00,18738.0,18750.0,18654.0,18676.0,5819,99135
2026-05-21 10:15:00,18675.0,18725.0,18642.0,18680.0,4604,98571
2026-05-21 10:45:00,18628.0,18688.0,18434.0,18449.0,10894,97972
2026-05-21 11:00:00,18432.0,18496.0,18412.0,18475.0,7039,97672
2026-05-21 11:15:00,18476.0,18526.0,18452.0,18512.0,3457,97560
2026-05-21 11:30:00,18512.0,18539.0,18433.0,18474.0,4336,96951
2026-05-21 13:45:00,18429.0,18479.0,18326.0,18394.0,266,96951
2026-05-21 14:00:00,18395.0,18457.0,18324.0,18419.0,5366,96623
2026-05-21 14:15:00,18413.0,18477.0,18382.0,18410.0,5370,96091
2026-05-21 14:30:00,18402.0,18471.0,18353.0,18360.0,5731,96055
2026-05-21 14:45:00,18360.0,18374.0,18268.0,18371.0,7968,95662
2026-05-21 15:00:00,18360.0,18373.0,18268.0,18275.0,10,95241
2026-05-21 21:15:00,18218.0,18380.0,18136.0,18291.0,11960,95272
2026-05-21 21:30:00,18291.0,18360.0,18251.0,18295.0,6401,95062
2026-05-21 21:45:00,18293.0,18315.0,18222.0,18281.0,8268,94922
2026-05-21 22:00:00,18281.0,18542.0,18280.0,18473.0,12328,95114
2026-05-21 22:15:00,18479.0,18479.0,18388.0,18441.0,7360,94855
2026-05-21 22:30:00,18446.0,18454.0,18364.0,18409.0,1440,94667
2026-05-21 22:45:00,18413.0,18436.0,18355.0,18371.0,4392,94599
2026-05-21 23:00:00,18372.0,18425.0,18354.0,18412.0,4026,94645
2026-05-21 23:15:00,18412.0,18519.0,18376.0,18483.0,6934,94847
2026-05-21 23:30:00,18482.0,18507.0,18415.0,18427.0,4101,94789
2026-05-21 23:45:00,18430.0,18456.0,18424.0,18433.0,1842,94742
2026-05-22 00:00:00,18433.0,18505.0,18431.0,18487.0,1939,94954
2026-05-22 00:15:00,18487.0,18598.0,18487.0,18543.0,5376,94928
2026-05-22 00:30:00,18543.0,18562.0,18524.0,18546.0,1744,94850
2026-05-22 00:45:00,18546.0,18584.0,18532.0,18563.0,2159,94892
2026-05-22 01:00:00,18563.0,18591.0,18545.0,18573.0,1883,94917
2026-05-22 01:15:00,18575.0,18682.0,18547.0,18646.0,2028,94872
2026-05-22 01:30:00,18646.0,18800.0,18632.0,18736.0,7411,94761
2026-05-22 01:45:00,18736.0,18835.0,18710.0,18785.0,3889,94786
2026-05-22 02:00:00,18785.0,18855.0,18761.0,18777.0,4037,94527
2026-05-22 02:15:00,18777.0,18801.0,18727.0,18759.0,3487,94393
2026-05-22 02:30:00,18759.0,18839.0,18754.0,18836.0,2458,93938
2026-05-22 09:15:00,18624.0,18836.0,18562.0,18624.0,3629,93519
2026-05-22 09:30:00,18628.0,18704.0,18600.0,18684.0,5588,93431
2026-05-22 09:45:00,18684.0,18685.0,18607.0,18652.0,4678,92821
2026-05-22 10:00:00,18650.0,18775.0,18650.0,18707.0,5777,92239
2026-05-22 10:15:00,18711.0,18726.0,18634.0,18652.0,3614,91777
2026-05-22 10:45:00,18630.0,18652.0,18553.0,18617.0,4816,91636
2026-05-22 11:00:00,18615.0,18664.0,18607.0,18663.0,2786,91471
2026-05-22 11:15:00,18663.0,18676.0,18610.0,18621.0,2132,91208
2026-05-22 11:30:00,18621.0,18630.0,18579.0,18604.0,1507,90754
2026-05-22 13:45:00,18670.0,18830.0,18604.0,18768.0,8587,91003
2026-05-22 14:00:00,18772.0,18810.0,18500.0,18527.0,10481,89842
2026-05-22 14:15:00,18532.0,18640.0,18490.0,18612.0,8016,89414
2026-05-22 14:30:00,18609.0,18670.0,18588.0,18663.0,3509,89038
2026-05-22 14:45:00,18682.0,18697.0,18612.0,18633.0,3995,88573
2026-05-22 15:00:00,18654.0,18679.0,18630.0,18643.0,75,87876
2026-05-22 21:15:00,18600.0,18700.0,18527.0,18646.0,8,87635
2026-05-22 21:30:00,18646.0,18675.0,18617.0,18625.0,94,87286
2026-05-22 21:45:00,18613.0,18675.0,18550.0,18600.0,21,87331
2026-05-22 22:00:00,18600.0,18620.0,18555.0,18608.0,9,87175
2026-05-22 22:15:00,18608.0,18608.0,18439.0,18456.0,370,87189
2026-05-22 22:30:00,18460.0,18488.0,18343.0,18415.0,88,87208
2026-05-22 22:45:00,18413.0,18467.0,18391.0,18458.0,27,86687
2026-05-22 23:00:00,18458.0,18483.0,18416.0,18418.0,24,86774
2026-05-22 23:15:00,18418.0,18528.0,18415.0,18493.0,3,86709
2026-05-22 23:30:00,18494.0,18588.0,18490.0,18569.0,3,86602
2026-05-22 23:45:00,18569.0,18588.0,18528.0,18548.0,14,86533
2026-05-23 00:15:00,18600.0,18625.0,18574.0,18609.0,10,86488
2026-05-23 00:30:00,18606.0,18682.0,18528.0,18664.0,13,86398
2026-05-23 00:45:00,18666.0,18700.0,18590.0,18596.0,56,86092
2026-05-23 01:00:00,18592.0,18625.0,18560.0,18591.0,3,85939
2026-05-23 01:15:00,18595.0,18632.0,18595.0,18618.0,21,86015
2026-05-23 01:30:00,18618.0,18671.0,18565.0,18665.0,23,85889
2026-05-23 01:45:00,18665.0,18678.0,18611.0,18628.0,18,85937
2026-05-23 02:00:00,18628.0,18642.0,18610.0,18625.0,6,85829
2026-05-23 02:15:00,18625.0,18640.0,18584.0,18617.0,31,85740
2026-05-23 02:30:00,18614.0,18649.0,18602.0,18636.0,32,85297
2026-05-25 00:00:00,18548.0,18621.0,18528.0,18600.0,22,86411
2026-05-25 09:15:00,19115.0,19220.0,19054.0,19109.0,29358,84322
2026-05-25 09:30:00,19097.0,19136.0,19045.0,19120.0,6317,83550
2026-05-25 09:45:00,19071.0,19135.0,19061.0,19070.0,4873,82641
2026-05-25 10:00:00,19067.0,19089.0,18992.0,19012.0,5142,81660
2026-05-25 10:15:00,19006.0,19040.0,18920.0,18920.0,3183,81234
2026-05-25 10:45:00,18988.0,19038.0,18961.0,18999.0,3584,80682
2026-05-25 11:00:00,18999.0,19008.0,18910.0,18930.0,1299,80275
2026-05-25 11:15:00,18944.0,18956.0,18861.0,18922.0,3596,79671
2026-05-25 11:30:00,18981.0,18995.0,18913.0,18973.0,2869,79200
2026-05-25 13:45:00,18964.0,18989.0,18882.0,18947.0,768,78807
2026-05-25 14:00:00,18940.0,18947.0,18919.0,18920.0,40,78387
2026-05-25 14:15:00,18917.0,18927.0,18884.0,18906.0,595,77959
2026-05-25 14:30:00,18906.0,18933.0,18879.0,18888.0,557,77475
2026-05-25 14:45:00,18888.0,18927.0,18876.0,18913.0,24,77157
2026-05-25 15:00:00,18914.0,18954.0,18911.0,18945.0,453,76696
2026-05-25 21:15:00,18941.0,18970.0,18832.0,18875.0,8178,77005
2026-05-25 21:30:00,18875.0,18892.0,18840.0,18867.0,12,76030
2026-05-25 21:45:00,18867.0,18928.0,18863.0,18919.0,13,75020
2026-05-25 22:00:00,18919.0,18925.0,18854.0,18911.0,2,74405
2026-05-25 22:15:00,18911.0,19000.0,18896.0,18948.0,36,73793
2026-05-25 22:30:00,18949.0,18982.0,18941.0,18960.0,2,73536
2026-05-25 22:45:00,18960.0,18992.0,18937.0,18959.0,15,73202
2026-05-25 23:00:00,18959.0,19013.0,18954.0,18977.0,102,73013
2026-05-25 23:15:00,18977.0,19030.0,18974.0,19007.0,2,72724
2026-05-25 23:30:00,19007.0,19020.0,18985.0,19000.0,5,72497
2026-05-25 23:45:00,19000.0,19000.0,18944.0,18963.0,3,72530
2026-05-26 00:00:00,18963.0,18977.0,18954.0,18960.0,4,72435
2026-05-26 00:15:00,18958.0,18969.0,18930.0,18965.0,1,72326
2026-05-26 00:30:00,18965.0,18990.0,18950.0,18965.0,2,72094
2026-05-26 00:45:00,18965.0,19004.0,18963.0,18998.0,1,71946
2026-05-26 01:00:00,18998.0,19044.0,18998.0,19037.0,10,71787
2026-05-26 01:15:00,19037.0,19166.0,19032.0,19135.0,6,71802
2026-05-26 01:30:00,19137.0,19138.0,19072.0,19087.0,2,71641
2026-05-26 01:45:00,19087.0,19091.0,19031.0,19046.0,1,71521
2026-05-26 02:00:00,19045.0,19084.0,19025.0,19057.0,3,71474
2026-05-26 02:15:00,19056.0,19076.0,19030.0,19036.0,4,71401
2026-05-26 02:30:00,19033.0,19063.0,19001.0,19013.0,36,71162
2026-05-26 09:15:00,18878.0,18921.0,18764.0,18852.0,4,69903
2026-05-26 09:30:00,18851.0,18855.0,18791.0,18810.0,26,68802
2026-05-26 09:45:00,18809.0,18815.0,18459.0,18510.0,294,67873
2026-05-26 10:00:00,18510.0,18617.0,18488.0,18610.0,247,66803
2026-05-26 10:15:00,18610.0,18665.0,18590.0,18665.0,16,66156
2026-05-26 10:45:00,18662.0,18710.0,18631.0,18675.0,6,65554
2026-05-26 11:00:00,18679.0,18684.0,18609.0,18618.0,1,65158
2026-05-26 11:15:00,18618.0,18671.0,18605.0,18655.0,236,64431
2026-05-26 11:30:00,18655.0,18760.0,18651.0,18724.0,59,63894
2026-05-26 13:45:00,18721.0,18721.0,18590.0,18622.0,18,63395
2026-05-26 14:00:00,18622.0,18622.0,18570.0,18606.0,699,62750
2026-05-26 14:15:00,18632.0,18633.0,18576.0,18616.0,10,61978
2026-05-26 14:30:00,18607.0,18650.0,18583.0,18608.0,2649,59866
2026-05-26 14:45:00,18608.0,18630.0,18590.0,18628.0,2503,59004
2026-05-26 15:00:00,18628.0,18631.0,18601.0,18616.0,34,58234
2026-05-26 21:15:00,18546.0,18599.0,18512.0,18549.0,4468,57688
2026-05-26 21:30:00,18549.0,18655.0,18541.0,18603.0,3051,57503
2026-05-26 21:45:00,18603.0,18669.0,18590.0,18638.0,3626,57094
2026-05-26 22:00:00,18638.0,18665.0,18500.0,18524.0,4721,56259
2026-05-26 22:15:00,18520.0,18564.0,18478.0,18526.0,4008,55581
2026-05-26 22:30:00,18526.0,18588.0,18520.0,18586.0,658,55156
2026-05-26 22:45:00,18581.0,18630.0,18566.0,18612.0,2512,54794
2026-05-26 23:00:00,18612.0,18646.0,18572.0,18616.0,1820,54551
2026-05-26 23:15:00,18615.0,18616.0,18562.0,18578.0,1607,54436
2026-05-26 23:30:00,18578.0,18600.0,18540.0,18558.0,1696,54195
2026-05-26 23:45:00,18553.0,18578.0,18530.0,18570.0,1669,54063
2026-05-27 00:00:00,18569.0,18589.0,18490.0,18519.0,1542,53816
2026-05-27 00:15:00,18521.0,18538.0,18504.0,18518.0,875,53883
2026-05-27 00:30:00,18518.0,18580.0,18507.0,18572.0,886,53782
2026-05-27 00:45:00,18572.0,18629.0,18561.0,18575.0,1146,53617
2026-05-27 01:00:00,18575.0,18585.0,18545.0,18565.0,603,53590
2026-05-27 01:15:00,18565.0,18583.0,18552.0,18567.0,524,53543
2026-05-27 01:30:00,18566.0,18599.0,18562.0,18565.0,3,53495
2026-05-27 01:45:00,18565.0,18565.0,18530.0,18547.0,716,53501
2026-05-27 02:00:00,18547.0,18567.0,18523.0,18529.0,395,53463
2026-05-27 02:15:00,18529.0,18529.0,18473.0,18507.0,899,53359
2026-05-27 02:30:00,18508.0,18580.0,18504.0,18540.0,565,53147
2026-05-27 09:15:00,18739.0,18816.0,18540.0,18777.0,5376,52360
2026-05-27 09:30:00,18758.0,18865.0,18750.0,18813.0,3096,51641
2026-05-27 09:45:00,18806.0,18816.0,18734.0,18741.0,1299,50891
2026-05-27 10:00:00,18741.0,18750.0,18660.0,18678.0,2364,50389
2026-05-27 10:15:00,18672.0,18699.0,18651.0,18663.0,1531,49999
2026-05-27 10:45:00,18671.0,18700.0,18610.0,18639.0,2225,49421
2026-05-27 11:00:00,18643.0,18696.0,18636.0,18682.0,1186,49188
2026-05-27 11:15:00,18705.0,18717.0,18667.0,18685.0,1499,48874
2026-05-27 11:30:00,18684.0,18705.0,18654.0,18667.0,456,48499
2026-05-27 13:45:00,18672.0,18700.0,18360.0,18377.0,6909,47969
2026-05-27 14:00:00,18378.0,18427.0,18343.0,18355.0,3934,47274
2026-05-27 14:15:00,18355.0,18386.0,18332.0,18357.0,3361,46525
2026-05-27 14:30:00,18365.0,18374.0,18148.0,18171.0,4855,45927
2026-05-27 14:45:00,18171.0,18226.0,18095.0,18223.0,3076,45085
2026-05-27 15:00:00,18239.0,18256.0,18197.0,18197.0,716,44343
2026-05-27 21:15:00,18045.0,18143.0,17962.0,18002.0,6029,44168
2026-05-27 21:30:00,18002.0,18039.0,17946.0,17968.0,3264,43931
2026-05-27 21:45:00,17967.0,18088.0,17967.0,18011.0,3336,43764
2026-05-27 22:00:00,18006.0,18090.0,17999.0,18071.0,2171,43583
2026-05-27 22:15:00,18071.0,18139.0,18055.0,18092.0,2061,43546
2026-05-27 22:30:00,18092.0,18180.0,18092.0,18120.0,638,43459
2026-05-27 22:45:00,18119.0,18135.0,18062.0,18097.0,1903,43249
2026-05-27 23:00:00,18097.0,18129.0,18030.0,18041.0,1342,43288
2026-05-27 23:15:00,18038.0,18058.0,18009.0,18042.0,1567,43237
2026-05-27 23:30:00,18042.0,18055.0,18025.0,18046.0,733,43203
2026-05-27 23:45:00,18046.0,18088.0,18044.0,18051.0,1060,43134
2026-05-28 00:00:00,18051.0,18077.0,18030.0,18059.0,199,43085
2026-05-28 00:15:00,18059.0,18113.0,18058.0,18079.0,748,43022
2026-05-28 00:30:00,18079.0,18113.0,18069.0,18101.0,936,42930
2026-05-28 00:45:00,18101.0,18148.0,18099.0,18113.0,832,42850
2026-05-28 01:00:00,18113.0,18123.0,18090.0,18094.0,668,42769
2026-05-28 01:15:00,18094.0,18100.0,18058.0,18076.0,918,42712
2026-05-28 01:30:00,18076.0,18108.0,18071.0,18096.0,331,42667
2026-05-28 01:45:00,18096.0,18126.0,18096.0,18104.0,334,42569
2026-05-28 02:00:00,18104.0,18110.0,18081.0,18081.0,257,42483
2026-05-28 02:15:00,18081.0,18095.0,18064.0,18089.0,235,42490
2026-05-28 02:30:00,18089.0,18218.0,18084.0,18115.0,1080,42292
2026-05-28 09:15:00,18116.0,18171.0,17888.0,17899.0,4431,41804
2026-05-28 09:30:00,17868.0,17921.0,17740.0,17764.0,6313,40448
2026-05-28 09:45:00,17765.0,17845.0,17757.0,17779.0,325,39974
2026-05-28 10:00:00,17779.0,17810.0,17650.0,17680.0,3626,39496
2026-05-28 10:15:00,17694.0,17718.0,17638.0,17686.0,3407,38697
2026-05-28 10:45:00,17690.0,17775.0,17676.0,17726.0,2115,38197
2026-05-28 11:00:00,17726.0,17726.0,17657.0,17680.0,2025,37896
2026-05-28 11:15:00,17680.0,17711.0,17634.0,17657.0,2130,37446
2026-05-28 11:30:00,17606.0,17663.0,17510.0,17622.0,875,36863
2026-05-28 13:45:00,17455.0,17759.0,17412.0,17702.0,5096,36249
2026-05-28 14:00:00,17702.0,17814.0,17702.0,17730.0,2980,35701
2026-05-28 14:15:00,17725.0,17757.0,17623.0,17646.0,2141,35266
2026-05-28 14:30:00,17663.0,17738.0,17623.0,17693.0,1843,35006
2026-05-28 14:45:00,17696.0,17751.0,17685.0,17725.0,1581,34623
2026-05-28 15:00:00,17730.0,17757.0,17718.0,17735.0,67,33931
2026-05-28 21:15:00,17964.0,17996.0,17810.0,17812.0,4051,33241
2026-05-28 21:30:00,17812.0,17888.0,17812.0,17827.0,1520,32989
2026-05-28 21:45:00,17821.0,17838.0,17750.0,17790.0,2018,32721
2026-05-28 22:00:00,17789.0,17842.0,17766.0,17798.0,1118,32682
2026-05-28 22:15:00,17798.0,18065.0,17760.0,18058.0,3139,32350
2026-05-28 22:30:00,18065.0,18073.0,17965.0,18036.0,285,31887
2026-05-28 22:45:00,18036.0,18050.0,17962.0,18032.0,1984,31613
2026-05-28 23:00:00,18032.0,18110.0,18019.0,18049.0,2437,31137
2026-05-28 23:15:00,18049.0,18105.0,18041.0,18061.0,1446,30812
2026-05-28 23:30:00,18064.0,18080.0,18027.0,18053.0,867,30729
2026-05-28 23:45:00,18053.0,18128.0,18053.0,18104.0,844,30746
2026-05-29 00:00:00,18104.0,18142.0,18099.0,18142.0,63,30751
2026-05-29 00:15:00,18144.0,18162.0,18088.0,18129.0,760,30642
2026-05-29 00:30:00,18129.0,18288.0,18122.0,18252.0,1599,30436
2026-05-29 00:45:00,18252.0,18274.0,18215.0,18263.0,961,30409
2026-05-29 01:00:00,18263.0,18322.0,18263.0,18307.0,710,30331
2026-05-29 01:15:00,18307.0,18324.0,18250.0,18270.0,575,30302
2026-05-29 01:30:00,18270.0,18280.0,18230.0,18230.0,446,30276
2026-05-29 01:45:00,18233.0,18291.0,18230.0,18287.0,343,30286
2026-05-29 02:00:00,18287.0,18380.0,18282.0,18354.0,635,30250
2026-05-29 02:15:00,18353.0,18382.0,18318.0,18340.0,296,30195
2026-05-29 02:30:00,18340.0,18373.0,18271.0,18347.0,560,30066
2026-05-29 09:15:00,18284.0,18477.0,18235.0,18473.0,4837,28356
2026-05-29 09:30:00,18472.0,18520.0,18427.0,18427.0,2496,27275
2026-05-29 09:45:00,18427.0,18468.0,18382.0,18410.0,367,26598
2026-05-29 10:00:00,18407.0,18421.0,18362.0,18380.0,1683,25701
2026-05-29 10:15:00,18383.0,18421.0,18310.0,18359.0,1179,25278
2026-05-29 10:45:00,18350.0,18359.0,18273.0,18328.0,1602,24413
2026-05-29 11:00:00,18328.0,18372.0,18298.0,18306.0,1270,23743
2026-05-29 11:15:00,18306.0,18330.0,18200.0,18243.0,1751,23089
2026-05-29 11:30:00,18243.0,18268.0,18196.0,18216.0,1265,22637
2026-05-29 13:45:00,18276.0,18328.0,18164.0,18187.0,1587,21946
2026-05-29 14:00:00,18187.0,18261.0,18176.0,18230.0,1157,21441
2026-05-29 14:15:00,18230.0,18264.0,18203.0,18237.0,1612,20591
2026-05-29 14:30:00,18241.0,18254.0,18203.0,18243.0,309,20179
2026-05-29 14:45:00,18239.0,18250.0,18191.0,18212.0,1216,19676
2026-05-29 15:00:00,18212.0,18275.0,18205.0,18275.0,412,19307
2026-05-29 21:15:00,18216.0,18253.0,18171.0,18212.0,2,19327
2026-05-29 21:30:00,18212.0,18279.0,18196.0,18269.0,2,19279
2026-05-29 21:45:00,18269.0,18276.0,18099.0,18186.0,2,19193
2026-05-29 22:00:00,18186.0,18203.0,18151.0,18155.0,6,19131
2026-05-29 22:15:00,18155.0,18225.0,18150.0,18165.0,2,19081
2026-05-29 22:30:00,18165.0,18170.0,18013.0,18041.0,2,19047
2026-05-29 22:45:00,18041.0,18098.0,18000.0,18092.0,6,18985
2026-05-29 23:00:00,18092.0,18241.0,18066.0,18201.0,8,18935
2026-05-29 23:15:00,18201.0,18403.0,18201.0,18376.0,8,18883
2026-05-29 23:30:00,18376.0,18376.0,18279.0,18279.0,4,18749
2026-05-29 23:45:00,18279.0,18303.0,18210.0,18225.0,2,18707
2026-05-30 00:15:00,18246.0,18246.0,18189.0,18219.0,2,18667
2026-05-30 00:30:00,18219.0,18251.0,18219.0,18237.0,2,18661
2026-05-30 00:45:00,18237.0,18300.0,18225.0,18286.0,4,18645
2026-05-30 01:00:00,18268.0,18268.0,18247.0,18260.0,2,18627
2026-05-30 01:15:00,18260.0,18281.0,18249.0,18249.0,10,18601
2026-05-30 01:30:00,18249.0,18254.0,18224.0,18242.0,2,18583
2026-05-30 01:45:00,18233.0,18233.0,18227.0,18229.0,2,18577
2026-05-30 02:00:00,18230.0,18259.0,18185.0,18211.0,4,18549
2026-05-30 02:15:00,18211.0,18242.0,18209.0,18230.0,8,18539
2026-05-30 02:30:00,18239.0,18267.0,18239.0,18263.0,6,18487
2026-06-01 00:00:00,18240.0,18264.0,18220.0,18246.0,2,18691
2026-06-01 09:15:00,18268.0,18268.0,18000.0,18093.0,50,18267
2026-06-01 09:30:00,18093.0,18198.0,18057.0,18195.0,24,18127
2026-06-01 09:45:00,18181.0,18236.0,18146.0,18214.0,58,17939
2026-06-01 10:00:00,18214.0,18229.0,18186.0,18187.0,2,17805
2026-06-01 10:15:00,18199.0,18286.0,18194.0,18263.0,2,17659
2026-06-01 10:45:00,18263.0,18288.0,18128.0,18231.0,22,17528
2026-06-01 11:00:00,18231.0,18240.0,18175.0,18175.0,2,17398
2026-06-01 11:15:00,18175.0,18228.0,18155.0,18155.0,2,17276
2026-06-01 11:30:00,18160.0,18192.0,18150.0,18178.0,6,17256
2026-06-01 13:45:00,18203.0,18218.0,18165.0,18200.0,28,17184
2026-06-01 14:00:00,18201.0,18238.0,18200.0,18200.0,24,17144
2026-06-01 14:15:00,18200.0,18211.0,18196.0,18204.0,4,17106
2026-06-01 14:30:00,18199.0,18205.0,18183.0,18183.0,14,17010
2026-06-01 14:45:00,18188.0,18188.0,18160.0,18170.0,12,16994
2026-06-01 15:00:00,18162.0,18170.0,18088.0,18118.0,88,16910
2026-06-01 21:15:00,18183.0,18246.0,18020.0,18044.0,14,16822
2026-06-01 21:30:00,18044.0,18092.0,17913.0,17956.0,8,16572
2026-06-01 21:45:00,17951.0,17990.0,17932.0,17932.0,2,16420
2026-06-01 22:00:00,17932.0,17952.0,17800.0,17812.0,6,16366
2026-06-01 22:15:00,17812.0,17915.0,17809.0,17907.0,2,16336
2026-06-01 22:30:00,17907.0,17951.0,17864.0,17904.0,2,16306
2026-06-01 22:45:00,17904.0,17933.0,17900.0,17920.0,6,16296
2026-06-01 23:00:00,17920.0,17958.0,17869.0,17894.0,2,16258
2026-06-01 23:15:00,17894.0,17959.0,17882.0,17942.0,4,16238
2026-06-01 23:30:00,17942.0,17978.0,17936.0,17978.0,4,16214
2026-06-01 23:45:00,17978.0,18076.0,17967.0,18036.0,6,16214
2026-06-02 00:00:00,18036.0,18036.0,17995.0,18013.0,2,16202
2026-06-02 00:15:00,18032.0,18041.0,17974.0,17981.0,2,16170
2026-06-02 00:30:00,17981.0,17985.0,17961.0,17982.0,4,16166
2026-06-02 00:45:00,17982.0,18001.0,17967.0,17967.0,2,16158
2026-06-02 01:00:00,17955.0,18031.0,17955.0,18020.0,2,16156
2026-06-02 01:15:00,18020.0,18028.0,17999.0,18022.0,4,16154
2026-06-02 01:30:00,18004.0,18036.0,17988.0,18036.0,10,16146
2026-06-02 01:45:00,18036.0,18095.0,18030.0,18095.0,8,16138
2026-06-02 02:00:00,18095.0,18120.0,18079.0,18087.0,2,16130
2026-06-02 02:15:00,18069.0,18104.0,18069.0,18088.0,6,16120
2026-06-02 02:30:00,18088.0,18088.0,18046.0,18050.0,10,16116
2026-06-02 09:15:00,18025.0,18273.0,17966.0,18267.0,176,15834
2026-06-02 09:30:00,18267.0,18294.0,18200.0,18264.0,6,15732
2026-06-02 09:45:00,18235.0,18257.0,18148.0,18149.0,46,15520
2026-06-02 10:00:00,17984.0,18051.0,17955.0,18035.0,84,15564
2026-06-02 10:15:00,18035.0,18091.0,18035.0,18083.0,16,15550
2026-06-02 10:45:00,18083.0,18116.0,18070.0,18084.0,6,15514
2026-06-02 11:00:00,18084.0,18120.0,18051.0,18118.0,4,15490
2026-06-02 11:15:00,18118.0,18197.0,18118.0,18140.0,2,15356
2026-06-02 11:30:00,18140.0,18157.0,18125.0,18150.0,10,15340
2026-06-02 13:45:00,18272.0,18475.0,18272.0,18447.0,4,14942
2026-06-02 14:00:00,18458.0,18458.0,18370.0,18386.0,40,14846
2026-06-02 14:15:00,18386.0,18448.0,18386.0,18399.0,6,14634
2026-06-02 14:30:00,18399.0,18438.0,18396.0,18428.0,42,14390
2026-06-02 14:45:00,18431.0,18442.0,18417.0,18433.0,12,14112
2026-06-02 15:00:00,18434.0,18449.0,18421.0,18449.0,44,14084
2026-06-02 21:15:00,18263.0,18422.0,18263.0,18319.0,332,14036
2026-06-02 21:30:00,18319.0,18348.0,18261.0,18273.0,186,14026
2026-06-02 21:45:00,18270.0,18357.0,18264.0,18326.0,114,13988
2026-06-02 22:00:00,18326.0,18352.0,18278.0,18292.0,70,13996
2026-06-02 22:15:00,18292.0,18292.0,18242.0,18266.0,148,13958
2026-06-02 22:30:00,18266.0,18270.0,18156.0,18210.0,266,13898
2026-06-02 22:45:00,18210.0,18283.0,18210.0,18270.0,2,13846
2026-06-02 23:00:00,18270.0,18284.0,18227.0,18242.0,124,13828
2026-06-02 23:15:00,18242.0,18300.0,18242.0,18269.0,152,13810
2026-06-02 23:30:00,18286.0,18300.0,18251.0,18254.0,82,13794
2026-06-02 23:45:00,18254.0,18298.0,18252.0,18267.0,94,13784
2026-06-03 00:00:00,18267.0,18275.0,18229.0,18256.0,60,13778
2026-06-03 00:15:00,18256.0,18256.0,18234.0,18254.0,42,13760
2026-06-03 00:30:00,18254.0,18254.0,18187.0,18187.0,50,13742
2026-06-03 00:45:00,18187.0,18205.0,18147.0,18189.0,98,13714
2026-06-03 01:00:00,18189.0,18211.0,18187.0,18187.0,42,13714
2026-06-03 01:15:00,18187.0,18220.0,18150.0,18176.0,90,13662
2026-06-03 01:30:00,18176.0,18183.0,18148.0,18177.0,52,13672
2026-06-03 01:45:00,18177.0,18189.0,18100.0,18113.0,44,13650
2026-06-03 02:00:00,18130.0,18130.0,18113.0,18115.0,20,13646
2026-06-03 02:15:00,18115.0,18150.0,18115.0,18123.0,22,13634
2026-06-03 02:30:00,18123.0,18140.0,18113.0,18135.0,6,13628
2026-06-03 09:15:00,18135.0,18135.0,17906.0,17979.0,630,13452
2026-06-03 09:30:00,17979.0,17987.0,17885.0,17939.0,360,13392
2026-06-03 09:45:00,17939.0,18021.0,17939.0,18021.0,134,13348
2026-06-03 10:00:00,18021.0,18058.0,18020.0,18022.0,122,13328
2026-06-03 10:15:00,18022.0,18080.0,18022.0,18065.0,144,13322
2026-06-03 10:45:00,18065.0,18094.0,18011.0,18067.0,122,13268
2026-06-03 11:00:00,18067.0,18067.0,18043.0,18056.0,18,13266
2026-06-03 11:15:00,18056.0,18150.0,18056.0,18116.0,292,13286
2026-06-03 11:30:00,18116.0,18136.0,18112.0,18136.0,136,13332
2026-06-03 13:45:00,18136.0,18136.0,17958.0,17992.0,176,13306
2026-06-03 14:00:00,17992.0,18012.0,17970.0,17970.0,160,13284
2026-06-03 14:15:00,17976.0,18038.0,17976.0,18006.0,78,13244
2026-06-03 14:30:00,18009.0,18039.0,17986.0,18003.0,110,13178
2026-06-03 14:45:00,18003.0,18004.0,17900.0,17930.0,2,13070
2026-06-03 15:00:00,17930.0,17960.0,17877.0,17960.0,8,13004
2026-06-03 21:15:00,17889.0,17984.0,17859.0,17979.0,194,12954
2026-06-03 21:30:00,17979.0,17979.0,17873.0,17903.0,118,12948
2026-06-03 21:45:00,17903.0,17927.0,17720.0,17720.0,210,12926
2026-06-03 22:00:00,17720.0,17857.0,17720.0,17854.0,138,12896
2026-06-03 22:15:00,17854.0,17890.0,17823.0,17870.0,68,12874
2026-06-03 22:30:00,17845.0,17921.0,17827.0,17860.0,92,12856
2026-06-03 22:45:00,17860.0,17880.0,17831.0,17852.0,20,12826
2026-06-03 23:00:00,17852.0,17932.0,17852.0,17905.0,98,12800
2026-06-03 23:15:00,17905.0,17905.0,17831.0,17832.0,40,12786
2026-06-03 23:30:00,17832.0,17860.0,17795.0,17800.0,232,12642
2026-06-03 23:45:00,17800.0,17825.0,17796.0,17815.0,18,12644
2026-06-04 00:00:00,17815.0,17820.0,17810.0,17810.0,14,12648
2026-06-04 00:15:00,17810.0,17836.0,17777.0,17801.0,34,12636
2026-06-04 00:30:00,17801.0,17801.0,17766.0,17766.0,42,12628
2026-06-04 00:45:00,17800.0,17808.0,17766.0,17789.0,12,12628
2026-06-04 01:00:00,17770.0,17791.0,17767.0,17791.0,38,12632
2026-06-04 01:15:00,17791.0,17850.0,17791.0,17818.0,42,12612
2026-06-04 01:30:00,17818.0,17818.0,17792.0,17799.0,20,12608
2026-06-04 01:45:00,17798.0,17799.0,17798.0,17798.0,2,12606
2026-06-04 02:00:00,17784.0,17798.0,17750.0,17750.0,14,12604
2026-06-04 02:15:00,17781.0,17784.0,17750.0,17784.0,4,12606
2026-06-04 02:30:00,17784.0,17784.0,17751.0,17756.0,14,12588
2026-06-04 09:15:00,17756.0,17890.0,17725.0,17871.0,240,12542
2026-06-04 09:30:00,17838.0,17911.0,17834.0,17863.0,364,12398
2026-06-04 09:45:00,17866.0,17883.0,17678.0,17690.0,190,12348
2026-06-04 10:00:00,17740.0,17763.0,17620.0,17700.0,274,12256
2026-06-04 10:15:00,17715.0,17736.0,17664.0,17709.0,292,12066
2026-06-04 10:45:00,17694.0,17750.0,17681.0,17724.0,76,12038
2026-06-04 11:00:00,17724.0,17851.0,17719.0,17833.0,4,11982
2026-06-04 11:15:00,17833.0,17866.0,17821.0,17825.0,4,11988
2026-06-04 11:30:00,17825.0,17830.0,17781.0,17800.0,12,11964
2026-06-04 13:45:00,17800.0,17800.0,17756.0,17783.0,38,12198
2026-06-04 14:00:00,17783.0,17796.0,17700.0,17730.0,6,12152
2026-06-04 14:15:00,17730.0,17789.0,17713.0,17778.0,6,12096
2026-06-04 14:30:00,17778.0,17778.0,17676.0,17720.0,4,12014
2026-06-04 14:45:00,17720.0,17721.0,17630.0,17634.0,58,11970
2026-06-04 15:00:00,17634.0,17700.0,17634.0,17698.0,40,11870
2026-06-04 21:15:00,18011.0,18176.0,17961.0,18106.0,2,11646
2026-06-04 21:30:00,18106.0,18150.0,18073.0,18086.0,6,11594
2026-06-04 21:45:00,18086.0,18138.0,18073.0,18117.0,2,11452
2026-06-04 22:00:00,18117.0,18138.0,18013.0,18044.0,50,11388
2026-06-04 22:15:00,18044.0,18044.0,17926.0,17952.0,2,11286
2026-06-04 22:30:00,17952.0,17978.0,17911.0,17920.0,2,11142
2026-06-04 22:45:00,17924.0,17939.0,17855.0,17875.0,28,10974
2026-06-04 23:00:00,17875.0,17875.0,17736.0,17789.0,2,10952
2026-06-04 23:15:00,17789.0,17857.0,17788.0,17844.0,4,10932
2026-06-04 23:30:00,17844.0,17850.0,17820.0,17820.0,8,10904
2026-06-04 23:45:00,17859.0,17888.0,17859.0,17888.0,2,10896
2026-06-05 00:00:00,17888.0,17888.0,17848.0,17876.0,4,10884
2026-06-05 00:15:00,17876.0,17904.0,17862.0,17884.0,6,10882
2026-06-05 00:30:00,17858.0,17867.0,17858.0,17867.0,4,10882
2026-06-05 00:45:00,17863.0,17872.0,17856.0,17867.0,2,10876
2026-06-05 01:00:00,17876.0,17887.0,17866.0,17880.0,4,10870
2026-06-05 01:15:00,17880.0,17880.0,17848.0,17848.0,2,10866
2026-06-05 01:30:00,17848.0,17858.0,17818.0,17858.0,2,10842
2026-06-05 01:45:00,17858.0,17900.0,17858.0,17880.0,2,10832
2026-06-05 02:00:00,17880.0,17880.0,17867.0,17867.0,2,10832
2026-06-05 02:15:00,17871.0,17905.0,17871.0,17905.0,2,10828
2026-06-05 02:30:00,17905.0,17934.0,17905.0,17918.0,2,10818
2026-06-05 09:15:00,17779.0,17779.0,17585.0,17619.0,4,10784
2026-06-05 09:30:00,17619.0,17660.0,17547.0,17592.0,8,10748
2026-06-05 09:45:00,17592.0,17611.0,17557.0,17557.0,12,10726
2026-06-05 10:00:00,17557.0,17568.0,17529.0,17529.0,12,10706
2026-06-05 10:15:00,17534.0,17600.0,17520.0,17600.0,24,10706
2026-06-05 10:45:00,17613.0,17613.0,17479.0,17523.0,44,10638
2026-06-05 11:00:00,17546.0,17579.0,17540.0,17540.0,42,10592
2026-06-05 11:15:00,17535.0,17545.0,17505.0,17505.0,4,10542
2026-06-05 11:30:00,17505.0,17518.0,17457.0,17501.0,2,10512
2026-06-05 13:45:00,17513.0,17525.0,17400.0,17457.0,64,10468
2026-06-05 14:00:00,17457.0,17472.0,17419.0,17419.0,22,10380
2026-06-05 14:15:00,17419.0,17434.0,17301.0,17301.0,36,10296
2026-06-05 14:30:00,17160.0,17350.0,17143.0,17320.0,4,10246
2026-06-05 14:45:00,17343.0,17421.0,17343.0,17410.0,2,10202
2026-06-05 15:00:00,17443.0,17480.0,17442.0,17480.0,8,10004
2026-06-05 21:15:00,17223.0,17223.0,16875.0,17141.0,1034,9890
2026-06-05 21:30:00,17141.0,17162.0,17037.0,17037.0,528,9704
2026-06-05 21:45:00,17037.0,17084.0,16924.0,16944.0,164,9690
2026-06-05 22:00:00,16944.0,17003.0,16800.0,16800.0,176,9676
2026-06-05 22:15:00,16784.0,16852.0,16750.0,16750.0,250,9610
2026-06-05 22:30:00,16750.0,16850.0,16600.0,16718.0,52,9564
2026-06-05 22:45:00,16718.0,16775.0,16629.0,16649.0,348,9432
2026-06-05 23:00:00,16649.0,16815.0,16649.0,16815.0,18,9424
2026-06-05 23:15:00,16815.0,16815.0,16699.0,16699.0,12,9410
2026-06-05 23:30:00,16699.0,16701.0,16589.0,16698.0,2,9340
2026-06-05 23:45:00,16698.0,16698.0,16602.0,16646.0,6,9332
2026-06-06 00:15:00,16642.0,16675.0,16613.0,16675.0,2,9262
2026-06-06 00:30:00,16675.0,16680.0,16610.0,16670.0,2,9256
2026-06-06 00:45:00,16645.0,16649.0,16630.0,16649.0,2,9250
2026-06-06 01:00:00,16649.0,16722.0,16600.0,16715.0,2,9228
2026-06-06 01:15:00,16715.0,16725.0,16659.0,16689.0,2,9198
2026-06-06 01:30:00,16716.0,16716.0,16675.0,16680.0,2,9196
2026-06-06 01:45:00,16680.0,16691.0,16662.0,16662.0,4,9186
2026-06-06 02:00:00,16686.0,16686.0,16646.0,16661.0,2,9180
2026-06-06 02:15:00,16661.0,16661.0,16500.0,16517.0,92,9132
2026-06-06 02:30:00,16524.0,16548.0,16403.0,16403.0,2,9102
2026-06-08 00:00:00,16646.0,16680.0,16631.0,16642.0,16,9304
2026-06-08 09:15:00,16429.0,16468.0,16224.0,16230.0,1284,8762
2026-06-08 09:30:00,16230.0,16319.0,16083.0,16171.0,1180,8090
2026-06-08 09:45:00,16171.0,16321.0,16080.0,16278.0,554,7768
2026-06-08 10:00:00,16278.0,16339.0,16239.0,16321.0,478,7576
2026-06-08 10:15:00,16330.0,16378.0,16267.0,16290.0,830,7264
2026-06-08 10:45:00,16209.0,16310.0,16209.0,16291.0,170,6902
2026-06-08 11:00:00,16291.0,16317.0,16250.0,16256.0,398,6692
2026-06-08 11:15:00,16261.0,16278.0,16181.0,16185.0,234,6628
2026-06-08 11:30:00,16187.0,16236.0,16181.0,16190.0,232,6616
2026-06-08 13:45:00,16214.0,16214.0,15910.0,15997.0,1002,6322
2026-06-08 14:00:00,15990.0,16054.0,15963.0,16050.0,662,6196
2026-06-08 14:15:00,16050.0,16131.0,16048.0,16118.0,990,6034
2026-06-08 14:30:00,16118.0,16211.0,16114.0,16178.0,550,5744
2026-06-08 14:45:00,16170.0,16170.0,16092.0,16123.0,644,5632
2026-06-08 15:00:00,16123.0,16144.0,16106.0,16124.0,496,5598
2026-06-08 21:15:00,16559.0,16559.0,16209.0,16380.0,88,5582
2026-06-08 21:30:00,16380.0,16415.0,16380.0,16398.0,12,5582
2026-06-08 21:45:00,16398.0,16398.0,16398.0,16398.0,0,5582
2026-06-08 22:00:00,16398.0,16487.0,16398.0,16487.0,2,5580
2026-06-08 22:15:00,16487.0,16487.0,16280.0,16280.0,22,5562
2026-06-08 22:30:00,16280.0,16299.0,16280.0,16299.0,8,5566
2026-06-08 22:45:00,16299.0,16299.0,16299.0,16299.0,0,5566
2026-06-08 23:00:00,16299.0,16336.0,16299.0,16336.0,10,5562
2026-06-08 23:15:00,16336.0,16336.0,16336.0,16336.0,0,5562
2026-06-08 23:30:00,16336.0,16336.0,16336.0,16336.0,0,5562
2026-06-08 23:45:00,16336.0,16336.0,16336.0,16336.0,0,5562
2026-06-09 00:00:00,16336.0,16336.0,16336.0,16336.0,0,5562
2026-06-09 00:15:00,16336.0,16336.0,16336.0,16336.0,0,5562
2026-06-09 01:00:00,16336.0,16336.0,16336.0,16336.0,0,5562
2026-06-09 01:15:00,16336.0,16336.0,16336.0,16336.0,0,5562
2026-06-09 01:30:00,16336.0,16336.0,16336.0,16336.0,0,5562
2026-06-09 02:00:00,16336.0,16336.0,16336.0,16336.0,0,5562
2026-06-09 02:15:00,16336.0,16336.0,16336.0,16336.0,0,5562
2026-06-09 09:15:00,16340.0,16340.0,16213.0,16213.0,30,5544
2026-06-09 09:30:00,16213.0,16399.0,16196.0,16399.0,34,5518
2026-06-09 09:45:00,16399.0,16399.0,16301.0,16330.0,6,5518
2026-06-09 10:00:00,16297.0,16330.0,16288.0,16288.0,74,5454
2026-06-09 10:15:00,16288.0,16288.0,16184.0,16184.0,22,5446
2026-06-09 10:45:00,16184.0,16184.0,16184.0,16184.0,0,5446
2026-06-09 11:00:00,16184.0,16215.0,16181.0,16181.0,4,5446
2026-06-09 11:15:00,16181.0,16181.0,16181.0,16181.0,0,5446
2026-06-09 11:30:00,16181.0,16298.0,16181.0,16298.0,2,5444
2026-06-09 13:45:00,16298.0,16495.0,16298.0,16348.0,24,5426
2026-06-09 14:00:00,16415.0,16429.0,16348.0,16391.0,110,5378
2026-06-09 14:15:00,16391.0,16455.0,16391.0,16438.0,16,5366
2026-06-09 14:30:00,16438.0,16440.0,16415.0,16415.0,34,5340
2026-06-09 14:45:00,16415.0,16415.0,16400.0,16400.0,60,5340
2026-06-09 15:00:00,16400.0,16400.0,16400.0,16400.0,0,5340
2026-06-09 21:45:00,16400.0,16400.0,16330.0,16330.0,64,5296
2026-06-09 22:00:00,16330.0,16371.0,16330.0,16340.0,4,5292
2026-06-09 22:15:00,16340.0,16340.0,16260.0,16260.0,18,5276
2026-06-09 22:30:00,16260.0,16260.0,16130.0,16130.0,10,5276
2026-06-09 22:45:00,16130.0,16130.0,15608.0,15698.0,24,5274
2026-06-09 23:00:00,15698.0,15749.0,15698.0,15749.0,6,5268
2026-06-09 23:15:00,15749.0,15749.0,15749.0,15749.0,0,5268
2026-06-09 23:30:00,15749.0,15749.0,15749.0,15749.0,0,5268
2026-06-09 23:45:00,15749.0,15749.0,15749.0,15749.0,0,5268
2026-06-10 00:00:00,15749.0,15749.0,15749.0,15749.0,0,5268
2026-06-10 00:15:00,15749.0,15749.0,15749.0,15749.0,0,5268
2026-06-10 00:30:00,15749.0,15749.0,15749.0,15749.0,0,5268
2026-06-10 00:45:00,15749.0,15749.0,15749.0,15749.0,0,5268
2026-06-10 01:00:00,15749.0,15749.0,15749.0,15749.0,0,5268
2026-06-10 01:15:00,15749.0,15749.0,15749.0,15749.0,0,5268
2026-06-10 01:30:00,15749.0,15749.0,15749.0,15749.0,0,5268
2026-06-10 01:45:00,15749.0,15749.0,15749.0,15749.0,0,5268
2026-06-10 02:00:00,15749.0,15749.0,15749.0,15749.0,0,5268
2026-06-10 02:15:00,15749.0,15749.0,15749.0,15749.0,0,5268
2026-06-10 02:30:00,15749.0,15749.0,15749.0,15749.0,0,5268
2026-06-10 09:15:00,15749.0,15749.0,15318.0,15318.0,2,5266
2026-06-10 09:30:00,15318.0,15470.0,15318.0,15431.0,16,5250
2026-06-10 09:45:00,15431.0,15431.0,15431.0,15431.0,0,5250
2026-06-10 10:00:00,15431.0,15431.0,15431.0,15431.0,0,5250
2026-06-10 10:15:00,15431.0,15839.0,15427.0,15427.0,4,5250
2026-06-10 10:45:00,15460.0,15827.0,15340.0,15444.0,32,5238
2026-06-10 11:00:00,15444.0,15444.0,15287.0,15287.0,78,5222
2026-06-10 11:15:00,15287.0,15346.0,15197.0,15251.0,70,5174
2026-06-10 11:30:00,15251.0,15251.0,15251.0,15251.0,0,5174
2026-06-10 13:45:00,15251.0,15315.0,15251.0,15310.0,6,5168
2026-06-10 14:00:00,15310.0,15400.0,15310.0,15400.0,6,5162
2026-06-10 14:15:00,15400.0,15444.0,15400.0,15444.0,2,5162
2026-06-10 14:30:00,15599.0,15599.0,15444.0,15586.0,12,5150
2026-06-10 14:45:00,15586.0,15586.0,15586.0,15586.0,8,5142
2026-06-10 15:00:00,15586.0,15586.0,15579.0,15579.0,2,5140
2026-06-10 21:15:00,15459.0,15550.0,15459.0,15534.0,116,5238
2026-06-10 21:30:00,15534.0,15534.0,15534.0,15534.0,0,5238
2026-06-10 21:45:00,15534.0,15534.0,15534.0,15534.0,0,5238
2026-06-10 22:00:00,15534.0,15534.0,15534.0,15534.0,0,5238
2026-06-10 22:15:00,15534.0,15534.0,15534.0,15534.0,0,5238
2026-06-10 22:30:00,15534.0,15534.0,15534.0,15534.0,0,5238
2026-06-10 22:45:00,15534.0,15600.0,15534.0,15600.0,2,5236
2026-06-10 23:00:00,15600.0,15600.0,15600.0,15600.0,0,5236
2026-06-10 23:15:00,15600.0,15600.0,15600.0,15600.0,0,5236
2026-06-10 23:30:00,15600.0,15600.0,15600.0,15600.0,0,5236
2026-06-10 23:45:00,15600.0,15600.0,15600.0,15600.0,0,5236
2026-06-11 00:00:00,15600.0,15600.0,15600.0,15600.0,0,5236
2026-06-11 00:15:00,15600.0,15600.0,15600.0,15600.0,0,5236
2026-06-11 00:30:00,15600.0,15600.0,15600.0,15600.0,2,5234
2026-06-11 00:45:00,15600.0,15600.0,15600.0,15600.0,0,5234
2026-06-11 01:00:00,15600.0,15600.0,15600.0,15600.0,0,5234
2026-06-11 01:15:00,15600.0,15600.0,15600.0,15600.0,0,5234
2026-06-11 01:30:00,15600.0,15600.0,15600.0,15600.0,0,5234
2026-06-11 01:45:00,15600.0,15600.0,15600.0,15600.0,0,5234
2026-06-11 02:00:00,15600.0,15600.0,15600.0,15600.0,0,5234
2026-06-11 02:15:00,15600.0,15600.0,15600.0,15600.0,0,5234
2026-06-11 02:30:00,15600.0,15600.0,15600.0,15600.0,0,5234
2026-06-11 09:15:00,15600.0,15600.0,15322.0,15329.0,6,5230
2026-06-11 09:30:00,15329.0,15329.0,15329.0,15329.0,0,5230
2026-06-11 09:45:00,15329.0,15329.0,15329.0,15329.0,0,5230
2026-06-11 10:00:00,15329.0,15329.0,15329.0,15329.0,0,5230
2026-06-11 10:15:00,15329.0,15329.0,15329.0,15329.0,0,5230
2026-06-11 10:45:00,15329.0,15329.0,15100.0,15100.0,2,5230
2026-06-11 11:00:00,15100.0,15280.0,15100.0,15280.0,4,5226
2026-06-11 11:15:00,15280.0,15280.0,15280.0,15280.0,0,5226
2026-06-11 11:30:00,15280.0,15280.0,15280.0,15280.0,0,5226
2026-06-11 13:45:00,15280.0,15280.0,15280.0,15280.0,0,5226
2026-06-11 14:00:00,15423.0,15423.0,15280.0,15356.0,12,5216
2026-06-11 14:15:00,15356.0,15356.0,15356.0,15356.0,0,5216
2026-06-11 14:30:00,15318.0,15356.0,15318.0,15318.0,8,5208
2026-06-11 14:45:00,15318.0,15380.0,15318.0,15380.0,4,5204
2026-06-11 15:00:00,15380.0,15479.0,15370.0,15390.0,14,5194
2026-06-11 21:30:00,15339.0,15339.0,15336.0,15336.0,4,5194
2026-06-11 21:45:00,15336.0,15336.0,15323.0,15323.0,2,5194
2026-06-11 22:00:00,15323.0,15400.0,15323.0,15400.0,26,5192
2026-06-11 22:15:00,15400.0,15400.0,15400.0,15400.0,0,5192
2026-06-11 22:30:00,15400.0,15400.0,15400.0,15400.0,0,5192
2026-06-11 22:45:00,15400.0,15400.0,15400.0,15400.0,0,5192
2026-06-11 23:00:00,15400.0,15400.0,15400.0,15400.0,0,5192
2026-06-11 23:15:00,15400.0,15400.0,15400.0,15400.0,6,5186
2026-06-11 23:30:00,15400.0,15400.0,15400.0,15400.0,0,5186
2026-06-11 23:45:00,15400.0,15400.0,15400.0,15400.0,0,5186
2026-06-12 00:00:00,15306.0,15400.0,15306.0,15306.0,2,5186
2026-06-12 00:15:00,15306.0,15306.0,15306.0,15306.0,0,5186
2026-06-12 00:30:00,15306.0,15306.0,15306.0,15306.0,0,5186
2026-06-12 00:45:00,15306.0,15306.0,15306.0,15306.0,0,5186
2026-06-12 01:00:00,15306.0,15306.0,15306.0,15306.0,0,5186
2026-06-12 01:15:00,15306.0,15306.0,15305.0,15305.0,4,5186
2026-06-12 01:30:00,15305.0,15305.0,15305.0,15305.0,0,5186
2026-06-12 01:45:00,15305.0,15497.0,15305.0,15497.0,4,5184
2026-06-12 02:00:00,15497.0,15497.0,15497.0,15497.0,0,5184
2026-06-12 02:15:00,15583.0,15583.0,15497.0,15583.0,4,5184
2026-06-12 02:30:00,15583.0,15583.0,15583.0,15583.0,0,5184
2026-06-12 09:15:00,15981.0,15981.0,15583.0,15920.0,48,5142
2026-06-12 09:30:00,15920.0,15920.0,15920.0,15920.0,0,5142
2026-06-12 09:45:00,15920.0,15920.0,15920.0,15920.0,0,5142
2026-06-12 10:00:00,15920.0,15995.0,15920.0,15969.0,10,5136
2026-06-12 10:15:00,15969.0,16039.0,15969.0,16039.0,16,5138
2026-06-12 10:45:00,16039.0,16039.0,16039.0,16039.0,0,5138
2026-06-12 11:00:00,16039.0,16039.0,16039.0,16039.0,0,5138
2026-06-12 11:15:00,16039.0,16039.0,16039.0,16039.0,0,5138
2026-06-12 11:30:00,16039.0,16078.0,16039.0,16078.0,2,5136
2026-06-12 13:45:00,16078.0,16078.0,16078.0,16078.0,0,5136
2026-06-12 14:00:00,16078.0,16078.0,16078.0,16078.0,4,5136
2026-06-12 14:15:00,16078.0,16078.0,15982.0,15982.0,4,5132
2026-06-12 14:30:00,15982.0,15982.0,15982.0,15982.0,0,5132
2026-06-12 15:00:00,15982.0,15982.0,15982.0,15982.0,0,5132
2026-06-12 21:30:00,15950.0,15950.0,15950.0,15950.0,2,5132
2026-06-12 21:45:00,15950.0,15950.0,15879.0,15879.0,4,5132
2026-06-12 22:00:00,15879.0,15879.0,15802.0,15860.0,16,5124
2026-06-12 22:15:00,15842.0,15927.0,15842.0,15914.0,34,5124
2026-06-12 22:30:00,15914.0,15949.0,15914.0,15949.0,6,5126
2026-06-12 22:45:00,15939.0,15949.0,15939.0,15940.0,4,5128
2026-06-12 23:00:00,15980.0,15980.0,15940.0,15980.0,2,5130
2026-06-13 00:45:00,15980.0,16295.0,15980.0,16295.0,8,5130
2026-06-13 01:00:00,16295.0,16295.0,16270.0,16270.0,2,5130
2026-06-13 01:15:00,16261.0,16285.0,16251.0,16285.0,26,5130
2026-06-13 01:30:00,16285.0,16297.0,15991.0,16297.0,2,5130
2026-06-13 01:45:00,16320.0,16322.0,16320.0,16322.0,12,5130
2026-06-15 09:15:00,16322.0,16871.0,16322.0,16843.0,412,4912
2026-06-15 09:30:00,16843.0,16870.0,16820.0,16870.0,24,4892
2026-06-15 09:45:00,16870.0,16920.0,16870.0,16920.0,12,4882
2026-06-15 10:00:00,16920.0,16920.0,16806.0,16850.0,20,4868
2026-06-15 10:15:00,16850.0,17103.0,16806.0,16930.0,32,4862
2026-06-15 10:45:00,16980.0,16999.0,16930.0,16999.0,44,4840
2026-06-15 11:00:00,16999.0,16999.0,16916.0,16950.0,26,4818
2026-06-15 11:15:00,16950.0,16950.0,16806.0,16930.0,8,4814
2026-06-15 11:30:00,16930.0,16930.0,16850.0,16850.0,38,4776
2026-06-15 13:45:00,16880.0,16900.0,16850.0,16900.0,10,4768
2026-06-15 14:00:00,16900.0,16900.0,16772.0,16779.0,60,4736
2026-06-15 14:15:00,16779.0,16779.0,16779.0,16779.0,0,4736
2026-06-15 14:30:00,16779.0,16779.0,16779.0,16779.0,0,4736
2026-06-15 14:45:00,16779.0,16800.0,16779.0,16800.0,2,4736
2026-06-15 15:00:00,16800.0,16800.0,16800.0,16800.0,0,4736
