symbol,datetime,open,high,low,close,volume,open_interest,hold
,2026-04-16 23:45:00,2673.0,2674.0,2673.0,2674.0,1,,107923.0
,2026-04-17 00:00:00,2674.0,2674.0,2672.0,2672.0,13,,107923.0
,2026-04-17 00:15:00,2672.0,2673.0,2669.0,2672.0,2,,107873.0
,2026-04-17 00:30:00,2672.0,2672.0,2670.0,2671.0,22,,107891.0
,2026-04-17 00:45:00,2671.0,2673.0,2671.0,2671.0,29,,107900.0
,2026-04-17 01:00:00,2671.0,2673.0,2669.0,2671.0,13,,107881.0
,2026-04-17 09:15:00,2670.0,2676.0,2658.0,2661.0,28,,107871.0
,2026-04-17 09:30:00,2661.0,2664.0,2659.0,2661.0,10,,107912.0
,2026-04-17 09:45:00,2661.0,2665.0,2659.0,2662.0,305,,108347.0
,2026-04-17 10:00:00,2662.0,2664.0,2658.0,2658.0,2,,108763.0
,2026-04-17 10:15:00,2658.0,2661.0,2654.0,2661.0,96,,109007.0
,2026-04-17 10:45:00,2661.0,2665.0,2659.0,2662.0,227,,108932.0
,2026-04-17 11:00:00,2662.0,2667.0,2661.0,2666.0,74,,108894.0
,2026-04-17 11:15:00,2666.0,2670.0,2665.0,2668.0,1,,108978.0
,2026-04-17 11:30:00,2668.0,2673.0,2663.0,2672.0,4,,109334.0
,2026-04-17 13:45:00,2671.0,2671.0,2663.0,2666.0,894,,109765.0
,2026-04-17 14:00:00,2666.0,2667.0,2662.0,2662.0,70,,109870.0
,2026-04-17 14:15:00,2662.0,2666.0,2660.0,2666.0,150,,110056.0
,2026-04-17 14:30:00,2666.0,2668.0,2662.0,2662.0,562,,110095.0
,2026-04-17 14:45:00,2662.0,2666.0,2661.0,2661.0,229,,110497.0
,2026-04-17 15:00:00,2661.0,2669.0,2661.0,2666.0,142,,110690.0
,2026-04-17 21:15:00,2660.0,2674.0,2660.0,2670.0,7558,,110868.0
,2026-04-17 21:30:00,2670.0,2674.0,2663.0,2671.0,2636,,111431.0
,2026-04-17 21:45:00,2670.0,2671.0,2662.0,2669.0,2178,,111995.0
,2026-04-17 22:00:00,2669.0,2674.0,2665.0,2666.0,2384,,112133.0
,2026-04-17 22:15:00,2666.0,2669.0,2663.0,2668.0,1051,,112370.0
,2026-04-17 22:30:00,2668.0,2671.0,2667.0,2668.0,1206,,112377.0
,2026-04-17 22:45:00,2667.0,2669.0,2663.0,2663.0,712,,112433.0
,2026-04-17 23:00:00,2663.0,2666.0,2662.0,2664.0,6,,112460.0
,2026-04-17 23:15:00,2664.0,2667.0,2663.0,2664.0,1,,112492.0
,2026-04-17 23:30:00,2664.0,2665.0,2662.0,2664.0,6,,112470.0
,2026-04-17 23:45:00,2664.0,2664.0,2661.0,2661.0,2,,112483.0
,2026-04-18 00:15:00,2651.0,2652.0,2642.0,2645.0,13,,112684.0
,2026-04-18 00:30:00,2645.0,2648.0,2645.0,2647.0,2,,112645.0
,2026-04-18 00:45:00,2647.0,2647.0,2644.0,2645.0,3,,112587.0
,2026-04-18 01:00:00,2645.0,2646.0,2638.0,2638.0,3,,112762.0
,2026-04-20 00:00:00,2661.0,2661.0,2651.0,2651.0,144,,112675.0
,2026-04-20 09:15:00,2661.0,2667.0,2648.0,2655.0,10827,,112333.0
,2026-04-20 09:30:00,2655.0,2667.0,2652.0,2660.0,834,,112094.0
,2026-04-20 09:45:00,2660.0,2666.0,2656.0,2663.0,1013,,112034.0
,2026-04-20 10:00:00,2663.0,2666.0,2662.0,2666.0,1383,,112155.0
,2026-04-20 10:15:00,2665.0,2675.0,2665.0,2675.0,1508,,111773.0
,2026-04-20 10:45:00,2674.0,2675.0,2667.0,2669.0,1084,,111598.0
,2026-04-20 11:00:00,2669.0,2677.0,2668.0,2670.0,1845,,111968.0
,2026-04-20 11:15:00,2671.0,2680.0,2670.0,2680.0,1211,,111914.0
,2026-04-20 11:30:00,2679.0,2680.0,2671.0,2673.0,259,,111595.0
,2026-04-20 13:45:00,2674.0,2675.0,2669.0,2671.0,1163,,111731.0
,2026-04-20 14:00:00,2671.0,2674.0,2667.0,2669.0,1347,,111671.0
,2026-04-20 14:15:00,2669.0,2670.0,2664.0,2664.0,1016,,111516.0
,2026-04-20 14:30:00,2664.0,2673.0,2664.0,2671.0,76,,111677.0
,2026-04-20 14:45:00,2671.0,2678.0,2670.0,2676.0,77,,111761.0
,2026-04-20 15:00:00,2676.0,2676.0,2671.0,2672.0,909,,111436.0
,2026-04-20 21:15:00,2678.0,2690.0,2673.0,2687.0,5264,,111397.0
,2026-04-20 21:30:00,2687.0,2707.0,2685.0,2704.0,5503,,111343.0
,2026-04-20 21:45:00,2704.0,2710.0,2698.0,2710.0,3061,,110811.0
,2026-04-20 22:00:00,2709.0,2715.0,2701.0,2704.0,2414,,110575.0
,2026-04-20 22:15:00,2704.0,2715.0,2704.0,2712.0,1369,,110379.0
,2026-04-20 22:30:00,2712.0,2713.0,2701.0,2703.0,809,,110267.0
,2026-04-20 22:45:00,2703.0,2707.0,2700.0,2706.0,1341,,109916.0
,2026-04-20 23:00:00,2706.0,2708.0,2699.0,2701.0,933,,109577.0
,2026-04-20 23:15:00,2701.0,2705.0,2700.0,2701.0,881,,109144.0
,2026-04-20 23:30:00,2701.0,2703.0,2701.0,2703.0,520,,108835.0
,2026-04-20 23:45:00,2703.0,2708.0,2702.0,2705.0,596,,108387.0
,2026-04-21 00:00:00,2705.0,2707.0,2704.0,2705.0,54,,108326.0
,2026-04-21 00:15:00,2705.0,2708.0,2704.0,2707.0,71,,108344.0
,2026-04-21 00:30:00,2707.0,2709.0,2706.0,2708.0,134,,108288.0
,2026-04-21 00:45:00,2708.0,2710.0,2705.0,2706.0,302,,108167.0
,2026-04-21 01:00:00,2706.0,2710.0,2705.0,2709.0,192,,108113.0
,2026-04-21 09:15:00,2709.0,2710.0,2691.0,2697.0,2781,,108198.0
,2026-04-21 09:30:00,2697.0,2699.0,2692.0,2696.0,1710,,108776.0
,2026-04-21 09:45:00,2696.0,2696.0,2691.0,2693.0,1152,,108896.0
,2026-04-21 10:00:00,2694.0,2694.0,2688.0,2694.0,1085,,108732.0
,2026-04-21 10:15:00,2694.0,2698.0,2692.0,2697.0,1357,,108540.0
,2026-04-21 10:45:00,2697.0,2699.0,2694.0,2698.0,557,,108511.0
,2026-04-21 11:00:00,2698.0,2704.0,2697.0,2701.0,1168,,108541.0
,2026-04-21 11:15:00,2701.0,2713.0,2701.0,2709.0,438,,108542.0
,2026-04-21 11:30:00,2709.0,2710.0,2702.0,2704.0,1006,,108325.0
,2026-04-21 13:45:00,2704.0,2706.0,2698.0,2702.0,1717,,108611.0
,2026-04-21 14:00:00,2702.0,2703.0,2695.0,2701.0,1117,,108602.0
,2026-04-21 14:15:00,2701.0,2703.0,2697.0,2701.0,561,,108645.0
,2026-04-21 14:30:00,2701.0,2702.0,2694.0,2695.0,1321,,108694.0
,2026-04-21 14:45:00,2695.0,2701.0,2695.0,2700.0,754,,108930.0
,2026-04-21 15:00:00,2700.0,2700.0,2694.0,2696.0,164,,109242.0
,2026-04-21 21:15:00,2693.0,2711.0,2693.0,2706.0,3445,,109311.0
,2026-04-21 21:30:00,2706.0,2706.0,2690.0,2690.0,3233,,109345.0
,2026-04-21 21:45:00,2689.0,2695.0,2687.0,2695.0,1250,,109364.0
,2026-04-21 22:00:00,2695.0,2698.0,2695.0,2697.0,731,,109196.0
,2026-04-21 22:15:00,2697.0,2698.0,2695.0,2697.0,424,,109182.0
,2026-04-21 22:30:00,2697.0,2698.0,2696.0,2698.0,137,,109171.0
,2026-04-21 22:45:00,2698.0,2699.0,2696.0,2699.0,289,,109104.0
,2026-04-21 23:00:00,2699.0,2699.0,2694.0,2696.0,446,,109082.0
,2026-04-21 23:15:00,2696.0,2697.0,2695.0,2696.0,329,,109094.0
,2026-04-21 23:30:00,2696.0,2696.0,2694.0,2695.0,80,,109081.0
,2026-04-21 23:45:00,2695.0,2696.0,2694.0,2696.0,65,,109055.0
,2026-04-22 00:00:00,2696.0,2697.0,2695.0,2696.0,37,,109045.0
,2026-04-22 00:15:00,2696.0,2697.0,2694.0,2695.0,63,,109050.0
,2026-04-22 00:30:00,2695.0,2697.0,2695.0,2697.0,15,,109050.0
,2026-04-22 00:45:00,2697.0,2697.0,2694.0,2695.0,76,,109001.0
,2026-04-22 01:00:00,2695.0,2697.0,2694.0,2696.0,169,,108918.0
,2026-04-22 09:15:00,2696.0,2696.0,2688.0,2688.0,1018,,108893.0
,2026-04-22 09:30:00,2688.0,2693.0,2687.0,2691.0,504,,108927.0
,2026-04-22 09:45:00,2691.0,2697.0,2691.0,2696.0,535,,108858.0
,2026-04-22 10:00:00,2696.0,2700.0,2696.0,2699.0,840,,108665.0
,2026-04-22 10:15:00,2699.0,2701.0,2697.0,2699.0,646,,108670.0
,2026-04-22 10:45:00,2700.0,2702.0,2698.0,2702.0,691,,108579.0
,2026-04-22 11:00:00,2703.0,2706.0,2702.0,2704.0,98,,108303.0
,2026-04-22 11:15:00,2706.0,2707.0,2703.0,2705.0,509,,108163.0
,2026-04-22 11:30:00,2705.0,2706.0,2700.0,2702.0,616,,108133.0
,2026-04-22 13:45:00,2703.0,2704.0,2700.0,2701.0,822,,108021.0
,2026-04-22 14:00:00,2701.0,2703.0,2698.0,2701.0,1130,,108177.0
,2026-04-22 14:15:00,2700.0,2702.0,2698.0,2701.0,349,,108183.0
,2026-04-22 14:30:00,2701.0,2705.0,2700.0,2702.0,478,,108103.0
,2026-04-22 14:45:00,2702.0,2705.0,2701.0,2702.0,494,,108185.0
,2026-04-22 15:00:00,2703.0,2705.0,2702.0,2705.0,743,,108079.0
,2026-04-22 21:15:00,2718.0,2727.0,2707.0,2725.0,6090,,108440.0
,2026-04-22 21:30:00,2725.0,2727.0,2716.0,2720.0,1435,,108477.0
,2026-04-22 21:45:00,2720.0,2724.0,2717.0,2719.0,690,,108391.0
,2026-04-22 22:00:00,2719.0,2723.0,2718.0,2721.0,520,,108325.0
,2026-04-22 22:15:00,2721.0,2722.0,2711.0,2713.0,1396,,108390.0
,2026-04-22 22:30:00,2713.0,2714.0,2708.0,2710.0,502,,108571.0
,2026-04-22 22:45:00,2710.0,2710.0,2706.0,2709.0,718,,108513.0
,2026-04-22 23:00:00,2709.0,2713.0,2707.0,2707.0,597,,108447.0
,2026-04-22 23:15:00,2707.0,2711.0,2706.0,2711.0,597,,108499.0
,2026-04-22 23:30:00,2711.0,2713.0,2710.0,2711.0,143,,108416.0
,2026-04-22 23:45:00,2711.0,2711.0,2709.0,2709.0,65,,108392.0
,2026-04-23 00:00:00,2709.0,2711.0,2708.0,2710.0,27,,108390.0
,2026-04-23 00:15:00,2710.0,2713.0,2709.0,2712.0,243,,108245.0
,2026-04-23 00:30:00,2712.0,2713.0,2710.0,2711.0,69,,108236.0
,2026-04-23 00:45:00,2711.0,2713.0,2711.0,2711.0,23,,108231.0
,2026-04-23 01:00:00,2711.0,2713.0,2710.0,2710.0,119,,108184.0
,2026-04-23 09:15:00,2709.0,2717.0,2698.0,2702.0,2966,,107744.0
,2026-04-23 09:30:00,2702.0,2706.0,2699.0,2705.0,384,,107641.0
,2026-04-23 09:45:00,2705.0,2705.0,2695.0,2698.0,1101,,107689.0
,2026-04-23 10:00:00,2698.0,2700.0,2694.0,2697.0,1212,,107490.0
,2026-04-23 10:15:00,2697.0,2698.0,2689.0,2697.0,1403,,107568.0
,2026-04-23 10:45:00,2697.0,2704.0,2695.0,2703.0,229,,107161.0
,2026-04-23 11:00:00,2703.0,2704.0,2695.0,2697.0,9,,106993.0
,2026-04-23 11:15:00,2697.0,2700.0,2694.0,2695.0,429,,106828.0
,2026-04-23 11:30:00,2695.0,2696.0,2691.0,2694.0,91,,106639.0
,2026-04-23 13:45:00,2694.0,2703.0,2693.0,2701.0,93,,106657.0
,2026-04-23 14:00:00,2701.0,2702.0,2700.0,2701.0,32,,106462.0
,2026-04-23 14:15:00,2701.0,2703.0,2691.0,2696.0,79,,106006.0
,2026-04-23 14:30:00,2696.0,2697.0,2692.0,2697.0,521,,105836.0
,2026-04-23 14:45:00,2697.0,2697.0,2691.0,2692.0,125,,105739.0
,2026-04-23 15:00:00,2692.0,2694.0,2688.0,2688.0,300,,105547.0
,2026-04-23 21:15:00,2684.0,2700.0,2673.0,2700.0,15001,,94689.0
,2026-04-23 21:30:00,2700.0,2706.0,2696.0,2701.0,2199,,94563.0
,2026-04-23 21:45:00,2701.0,2702.0,2697.0,2699.0,929,,94443.0
,2026-04-23 22:00:00,2699.0,2701.0,2697.0,2698.0,1194,,94091.0
,2026-04-23 22:15:00,2698.0,2698.0,2691.0,2695.0,1160,,93839.0
,2026-04-23 22:30:00,2695.0,2695.0,2691.0,2693.0,39,,93728.0
,2026-04-23 22:45:00,2693.0,2698.0,2693.0,2697.0,326,,93679.0
,2026-04-23 23:00:00,2697.0,2698.0,2696.0,2697.0,148,,93716.0
,2026-04-23 23:15:00,2697.0,2702.0,2697.0,2699.0,1267,,93756.0
,2026-04-23 23:30:00,2699.0,2699.0,2696.0,2698.0,150,,93791.0
,2026-04-23 23:45:00,2698.0,2699.0,2697.0,2698.0,19,,93786.0
,2026-04-24 00:00:00,2698.0,2698.0,2695.0,2697.0,115,,93761.0
,2026-04-24 00:15:00,2697.0,2697.0,2694.0,2695.0,131,,93828.0
,2026-04-24 00:30:00,2695.0,2696.0,2695.0,2696.0,32,,93831.0
,2026-04-24 00:45:00,2696.0,2696.0,2695.0,2696.0,28,,93808.0
,2026-04-24 01:00:00,2696.0,2699.0,2696.0,2696.0,204,,93729.0
,2026-04-24 09:15:00,2695.0,2699.0,2691.0,2696.0,1083,,93662.0
,2026-04-24 09:30:00,2696.0,2696.0,2691.0,2692.0,613,,93543.0
,2026-04-24 09:45:00,2692.0,2693.0,2682.0,2682.0,1213,,93295.0
,2026-04-24 10:00:00,2679.0,2682.0,2670.0,2679.0,3244,,92692.0
,2026-04-24 10:15:00,2678.0,2682.0,2674.0,2680.0,1082,,92203.0
,2026-04-24 10:45:00,2680.0,2680.0,2673.0,2680.0,662,,92017.0
,2026-04-24 11:00:00,2680.0,2685.0,2679.0,2683.0,325,,91761.0
,2026-04-24 11:15:00,2683.0,2686.0,2682.0,2683.0,2,,91671.0
,2026-04-24 11:30:00,2683.0,2687.0,2678.0,2687.0,120,,91264.0
,2026-04-24 13:45:00,2683.0,2687.0,2678.0,2685.0,382,,90495.0
,2026-04-24 14:00:00,2685.0,2685.0,2672.0,2681.0,63,,90376.0
,2026-04-24 14:15:00,2681.0,2684.0,2680.0,2682.0,329,,89649.0
,2026-04-24 14:30:00,2682.0,2683.0,2677.0,2680.0,121,,89211.0
,2026-04-24 14:45:00,2680.0,2680.0,2671.0,2674.0,49,,89194.0
,2026-04-24 15:00:00,2674.0,2675.0,2664.0,2666.0,580,,88786.0
,2026-04-24 21:15:00,2710.0,2731.0,2699.0,2727.0,104,,77311.0
,2026-04-24 21:30:00,2727.0,2735.0,2722.0,2732.0,14,,75629.0
,2026-04-24 21:45:00,2730.0,2750.0,2730.0,2740.0,7,,74309.0
,2026-04-24 22:00:00,2740.0,2747.0,2727.0,2735.0,5,,75063.0
,2026-04-24 22:15:00,2735.0,2740.0,2731.0,2736.0,1,,74849.0
,2026-04-24 22:30:00,2736.0,2737.0,2727.0,2734.0,41,,74790.0
,2026-04-24 22:45:00,2734.0,2737.0,2727.0,2729.0,1,,74783.0
,2026-04-24 23:00:00,2729.0,2733.0,2727.0,2731.0,87,,74934.0
,2026-04-24 23:15:00,2732.0,2734.0,2728.0,2732.0,4,,74947.0
,2026-04-24 23:30:00,2732.0,2738.0,2731.0,2736.0,63,,74820.0
,2026-04-24 23:45:00,2736.0,2739.0,2735.0,2739.0,6,,74796.0
,2026-04-25 00:15:00,2736.0,2741.0,2735.0,2738.0,2,,74532.0
,2026-04-25 00:30:00,2738.0,2740.0,2737.0,2738.0,9,,74501.0
,2026-04-25 00:45:00,2738.0,2739.0,2735.0,2737.0,4,,74467.0
,2026-04-25 01:00:00,2736.0,2740.0,2736.0,2740.0,5,,74203.0
,2026-04-27 00:00:00,2739.0,2739.0,2736.0,2736.0,7,,74788.0
,2026-04-27 09:15:00,2728.0,2737.0,2722.0,2727.0,8256,,72640.0
,2026-04-27 09:30:00,2729.0,2729.0,2718.0,2720.0,1474,,72634.0
,2026-04-27 09:45:00,2720.0,2728.0,2716.0,2728.0,1504,,72594.0
,2026-04-27 10:00:00,2728.0,2732.0,2727.0,2728.0,855,,72462.0
,2026-04-27 10:15:00,2728.0,2747.0,2728.0,2741.0,3835,,71150.0
,2026-04-27 10:45:00,2743.0,2776.0,2742.0,2766.0,6,,68249.0
,2026-04-27 11:00:00,2766.0,2773.0,2757.0,2758.0,612,,68022.0
,2026-04-27 11:15:00,2758.0,2768.0,2756.0,2764.0,259,,68495.0
,2026-04-27 11:30:00,2765.0,2770.0,2763.0,2768.0,1157,,68208.0
,2026-04-27 13:45:00,2768.0,2779.0,2767.0,2770.0,2236,,67232.0
,2026-04-27 14:00:00,2770.0,2772.0,2765.0,2767.0,236,,67034.0
,2026-04-27 14:15:00,2767.0,2767.0,2759.0,2765.0,219,,66881.0
,2026-04-27 14:30:00,2765.0,2771.0,2763.0,2769.0,153,,66251.0
,2026-04-27 14:45:00,2769.0,2770.0,2760.0,2761.0,500,,66199.0
,2026-04-27 15:00:00,2761.0,2765.0,2752.0,2753.0,92,,65820.0
,2026-04-27 21:15:00,2755.0,2773.0,2746.0,2752.0,9000,,63543.0
,2026-04-27 21:30:00,2752.0,2753.0,2745.0,2748.0,2325,,63401.0
,2026-04-27 21:45:00,2748.0,2750.0,2736.0,2739.0,1947,,63471.0
,2026-04-27 22:00:00,2739.0,2745.0,2737.0,2743.0,1680,,63333.0
,2026-04-27 22:15:00,2743.0,2744.0,2732.0,2734.0,1872,,63310.0
,2026-04-27 22:30:00,2734.0,2734.0,2721.0,2725.0,963,,64279.0
,2026-04-27 22:45:00,2725.0,2734.0,2725.0,2730.0,1296,,63935.0
,2026-04-27 23:00:00,2730.0,2730.0,2721.0,2724.0,1608,,63778.0
,2026-04-27 23:15:00,2723.0,2724.0,2721.0,2723.0,515,,63908.0
,2026-04-27 23:30:00,2722.0,2724.0,2722.0,2723.0,175,,63895.0
,2026-04-27 23:45:00,2723.0,2723.0,2720.0,2720.0,591,,63838.0
,2026-04-28 00:00:00,2720.0,2722.0,2717.0,2721.0,276,,63791.0
,2026-04-28 00:15:00,2721.0,2722.0,2720.0,2721.0,118,,63772.0
,2026-04-28 00:30:00,2721.0,2722.0,2720.0,2720.0,125,,63756.0
,2026-04-28 00:45:00,2720.0,2721.0,2719.0,2720.0,79,,63767.0
,2026-04-28 01:00:00,2720.0,2725.0,2720.0,2724.0,415,,63618.0
,2026-04-28 09:15:00,2722.0,2730.0,2707.0,2717.0,4793,,62153.0
,2026-04-28 09:30:00,2717.0,2724.0,2716.0,2716.0,1097,,61904.0
,2026-04-28 09:45:00,2716.0,2720.0,2714.0,2716.0,1518,,61276.0
,2026-04-28 10:00:00,2716.0,2718.0,2710.0,2713.0,1885,,60570.0
,2026-04-28 10:15:00,2713.0,2717.0,2708.0,2712.0,1879,,59762.0
,2026-04-28 10:45:00,2714.0,2717.0,2710.0,2715.0,1871,,59184.0
,2026-04-28 11:00:00,2715.0,2718.0,2708.0,2712.0,1848,,58801.0
,2026-04-28 11:15:00,2712.0,2713.0,2706.0,2712.0,1449,,58648.0
,2026-04-28 11:30:00,2712.0,2720.0,2710.0,2716.0,313,,58358.0
,2026-04-28 13:45:00,2717.0,2719.0,2712.0,2716.0,1684,,58223.0
,2026-04-28 14:00:00,2716.0,2727.0,2716.0,2723.0,2116,,58000.0
,2026-04-28 14:15:00,2724.0,2724.0,2718.0,2723.0,1561,,57419.0
,2026-04-28 14:30:00,2724.0,2726.0,2720.0,2720.0,1427,,56847.0
,2026-04-28 14:45:00,2720.0,2724.0,2717.0,2723.0,8,,56592.0
,2026-04-28 15:00:00,2722.0,2727.0,2720.0,2724.0,51,,56203.0
,2026-04-28 21:15:00,2719.0,2729.0,2712.0,2715.0,2720,,55789.0
,2026-04-28 21:30:00,2715.0,2715.0,2707.0,2710.0,1250,,55684.0
,2026-04-28 21:45:00,2710.0,2710.0,2702.0,2706.0,1983,,55176.0
,2026-04-28 22:00:00,2706.0,2706.0,2694.0,2696.0,2195,,54982.0
,2026-04-28 22:15:00,2696.0,2701.0,2694.0,2700.0,951,,54881.0
,2026-04-28 22:30:00,2700.0,2702.0,2699.0,2699.0,159,,54783.0
,2026-04-28 22:45:00,2699.0,2700.0,2694.0,2696.0,523,,54851.0
,2026-04-28 23:00:00,2696.0,2700.0,2695.0,2700.0,488,,54809.0
,2026-04-28 23:15:00,2700.0,2701.0,2698.0,2699.0,415,,54782.0
,2026-04-28 23:30:00,2699.0,2701.0,2699.0,2701.0,75,,54789.0
,2026-04-28 23:45:00,2701.0,2702.0,2699.0,2699.0,95,,54776.0
,2026-04-29 00:00:00,2700.0,2700.0,2698.0,2698.0,52,,54780.0
,2026-04-29 00:15:00,2698.0,2699.0,2697.0,2697.0,127,,54796.0
,2026-04-29 00:30:00,2697.0,2698.0,2695.0,2697.0,116,,54781.0
,2026-04-29 00:45:00,2697.0,2697.0,2695.0,2697.0,39,,54783.0
,2026-04-29 01:00:00,2697.0,2700.0,2695.0,2697.0,303,,54745.0
AO,2026-04-29 09:15:00,2853.0,2859.0,2848.0,2857.0,18853,289043.0,
AO,2026-04-29 09:30:00,2857.0,2859.0,2853.0,2857.0,6672,288790.0,
AO,2026-04-29 09:45:00,2857.0,2860.0,2853.0,2855.0,5221,288514.0,
AO,2026-04-29 10:00:00,2855.0,2862.0,2855.0,2859.0,3412,287854.0,
AO,2026-04-29 10:15:00,2858.0,2864.0,2857.0,2864.0,6769,287337.0,
AO,2026-04-29 10:45:00,2863.0,2865.0,2860.0,2864.0,6248,286608.0,
AO,2026-04-29 11:00:00,2864.0,2865.0,2860.0,2863.0,4213,285748.0,
AO,2026-04-29 11:15:00,2863.0,2870.0,2863.0,2868.0,7880,284986.0,
AO,2026-04-29 11:30:00,2868.0,2874.0,2867.0,2869.0,9519,283595.0,
AO,2026-04-29 13:45:00,2869.0,2871.0,2865.0,2868.0,7911,283462.0,
AO,2026-04-29 14:00:00,2868.0,2870.0,2862.0,2867.0,5147,283352.0,
AO,2026-04-29 14:15:00,2867.0,2867.0,2862.0,2863.0,4505,282857.0,
AO,2026-04-29 14:30:00,2863.0,2867.0,2861.0,2866.0,5422,282623.0,
AO,2026-04-29 14:45:00,2866.0,2869.0,2863.0,2864.0,5408,283087.0,
AO,2026-04-29 15:00:00,2864.0,2867.0,2854.0,2862.0,14408,281047.0,
AO,2026-04-29 21:15:00,2867.0,2873.0,2855.0,2856.0,22976,285258.0,
AO,2026-04-29 21:30:00,2857.0,2867.0,2856.0,2863.0,11648,286459.0,
AO,2026-04-29 21:45:00,2863.0,2882.0,2863.0,2876.0,25832,287915.0,
AO,2026-04-29 22:00:00,2877.0,2880.0,2869.0,2880.0,14019,288553.0,
AO,2026-04-29 22:15:00,2879.0,2882.0,2870.0,2871.0,11233,288795.0,
AO,2026-04-29 22:30:00,2871.0,2873.0,2867.0,2870.0,3495,288545.0,
AO,2026-04-29 22:45:00,2870.0,2872.0,2865.0,2869.0,6005,288163.0,
AO,2026-04-29 23:00:00,2869.0,2881.0,2868.0,2877.0,14042,289538.0,
AO,2026-04-29 23:15:00,2878.0,2886.0,2875.0,2878.0,20086,292574.0,
AO,2026-04-29 23:30:00,2877.0,2879.0,2875.0,2878.0,6000,292519.0,
AO,2026-04-29 23:45:00,2878.0,2879.0,2875.0,2876.0,3263,291813.0,
AO,2026-04-30 00:00:00,2876.0,2877.0,2874.0,2876.0,1474,291087.0,
AO,2026-04-30 00:15:00,2876.0,2877.0,2874.0,2876.0,1532,290884.0,
AO,2026-04-30 00:30:00,2876.0,2876.0,2874.0,2874.0,950,290456.0,
AO,2026-04-30 00:45:00,2874.0,2876.0,2872.0,2873.0,1838,289955.0,
AO,2026-04-30 01:00:00,2873.0,2875.0,2870.0,2872.0,4119,288286.0,
AO,2026-04-30 09:15:00,2872.0,2875.0,2862.0,2867.0,17065,286317.0,
AO,2026-04-30 09:30:00,2868.0,2870.0,2863.0,2865.0,7257,286561.0,
AO,2026-04-30 09:45:00,2864.0,2866.0,2859.0,2862.0,8953,286353.0,
AO,2026-04-30 10:00:00,2862.0,2866.0,2860.0,2861.0,5471,285912.0,
AO,2026-04-30 10:15:00,2860.0,2863.0,2856.0,2863.0,6971,285932.0,
AO,2026-04-30 10:45:00,2863.0,2865.0,2852.0,2852.0,7592,285730.0,
AO,2026-04-30 11:00:00,2853.0,2861.0,2849.0,2858.0,13291,285738.0,
AO,2026-04-30 11:15:00,2858.0,2862.0,2856.0,2860.0,683,285669.0,
AO,2026-04-30 11:30:00,2860.0,2861.0,2850.0,2854.0,7602,284697.0,
AO,2026-04-30 13:45:00,2855.0,2856.0,2846.0,2852.0,13319,285012.0,
AO,2026-04-30 14:00:00,2850.0,2852.0,2846.0,2849.0,8143,286690.0,
AO,2026-04-30 14:15:00,2849.0,2851.0,2837.0,2839.0,11253,286049.0,
AO,2026-04-30 14:30:00,2839.0,2848.0,2837.0,2843.0,10991,286333.0,
AO,2026-04-30 14:45:00,2843.0,2848.0,2841.0,2847.0,4401,285790.0,
AO,2026-04-30 15:00:00,2848.0,2852.0,2844.0,2845.0,260,281561.0,
AO,2026-05-06 09:15:00,2845.0,2850.0,2830.0,2834.0,37842,287167.0,
AO,2026-05-06 09:30:00,2834.0,2835.0,2826.0,2829.0,17060,290016.0,
AO,2026-05-06 09:45:00,2828.0,2829.0,2812.0,2819.0,25043,293405.0,
AO,2026-05-06 10:00:00,2822.0,2825.0,2818.0,2824.0,11101,294402.0,
AO,2026-05-06 10:15:00,2823.0,2834.0,2822.0,2833.0,11925,293709.0,
AO,2026-05-06 10:45:00,2834.0,2837.0,2830.0,2836.0,1347,293721.0,
AO,2026-05-06 11:00:00,2836.0,2849.0,2833.0,2845.0,15993,293425.0,
AO,2026-05-06 11:15:00,2845.0,2847.0,2842.0,2843.0,8272,293945.0,
AO,2026-05-06 11:30:00,2842.0,2847.0,2840.0,2847.0,5573,293700.0,
AO,2026-05-06 13:45:00,2847.0,2862.0,2846.0,2858.0,25590,293829.0,
AO,2026-05-06 14:00:00,2858.0,2860.0,2854.0,2858.0,8492,293802.0,
AO,2026-05-06 14:15:00,2859.0,2865.0,2856.0,2859.0,4898,292609.0,
AO,2026-05-06 14:30:00,2864.0,2874.0,2859.0,2867.0,16592,291960.0,
AO,2026-05-06 14:45:00,2867.0,2872.0,2864.0,2872.0,9765,291947.0,
AO,2026-05-06 15:00:00,2872.0,2876.0,2870.0,2875.0,496,290942.0,
AO,2026-05-06 21:15:00,2874.0,2874.0,2858.0,2866.0,28408,294281.0,
AO,2026-05-06 21:30:00,2866.0,2883.0,2866.0,2883.0,28846,295668.0,
AO,2026-05-06 21:45:00,2883.0,2888.0,2871.0,2877.0,25101,297212.0,
AO,2026-05-06 22:00:00,2877.0,2879.0,2873.0,2873.0,6997,298196.0,
AO,2026-05-06 22:15:00,2874.0,2877.0,2873.0,2876.0,4622,298208.0,
AO,2026-05-06 22:30:00,2876.0,2880.0,2875.0,2877.0,1817,298413.0,
AO,2026-05-06 22:45:00,2877.0,2882.0,2877.0,2880.0,5041,299192.0,
AO,2026-05-06 23:00:00,2880.0,2881.0,2876.0,2878.0,7125,300279.0,
AO,2026-05-06 23:15:00,2877.0,2880.0,2875.0,2877.0,4778,301424.0,
AO,2026-05-06 23:30:00,2877.0,2879.0,2877.0,2877.0,1268,301375.0,
AO,2026-05-06 23:45:00,2877.0,2879.0,2877.0,2878.0,1153,301190.0,
AO,2026-05-07 00:00:00,2878.0,2879.0,2875.0,2876.0,2,300673.0,
AO,2026-05-07 00:15:00,2876.0,2877.0,2871.0,2872.0,3505,300222.0,
AO,2026-05-07 00:30:00,2872.0,2876.0,2872.0,2874.0,1291,300204.0,
AO,2026-05-07 00:45:00,2874.0,2876.0,2874.0,2876.0,650,300080.0,
AO,2026-05-07 01:00:00,2876.0,2876.0,2874.0,2875.0,1633,299189.0,
AO,2026-05-07 09:15:00,2875.0,2884.0,2873.0,2877.0,15220,299675.0,
AO,2026-05-07 09:30:00,2878.0,2887.0,2876.0,2885.0,14984,301328.0,
AO,2026-05-07 09:45:00,2885.0,2887.0,2866.0,2869.0,19331,299295.0,
AO,2026-05-07 10:00:00,2868.0,2869.0,2853.0,2855.0,26047,297231.0,
AO,2026-05-07 10:15:00,2855.0,2861.0,2850.0,2860.0,9250,297720.0,
AO,2026-05-07 10:45:00,2861.0,2863.0,2848.0,2849.0,14688,299667.0,
AO,2026-05-07 11:00:00,2849.0,2851.0,2842.0,2845.0,17181,301690.0,
AO,2026-05-07 11:15:00,2845.0,2854.0,2843.0,2852.0,11300,303153.0,
AO,2026-05-07 11:30:00,2853.0,2861.0,2851.0,2859.0,11436,301251.0,
AO,2026-05-07 13:45:00,2858.0,2869.0,2857.0,2869.0,11492,300895.0,
AO,2026-05-07 14:00:00,2870.0,2875.0,2864.0,2868.0,15654,299971.0,
AO,2026-05-07 14:15:00,2868.0,2872.0,2866.0,2866.0,1816,299856.0,
AO,2026-05-07 14:30:00,2866.0,2870.0,2866.0,2870.0,4711,300042.0,
AO,2026-05-07 14:45:00,2869.0,2872.0,2866.0,2868.0,6328,299595.0,
AO,2026-05-07 15:00:00,2868.0,2872.0,2865.0,2869.0,10,299359.0,
AO,2026-05-07 21:15:00,2865.0,2867.0,2850.0,2866.0,32422,304126.0,
AO,2026-05-07 21:30:00,2866.0,2878.0,2864.0,2866.0,27740,308447.0,
AO,2026-05-07 21:45:00,2866.0,2867.0,2860.0,2863.0,10991,310425.0,
AO,2026-05-07 22:00:00,2864.0,2866.0,2860.0,2862.0,6701,312383.0,
AO,2026-05-07 22:15:00,2862.0,2864.0,2856.0,2860.0,8445,313356.0,
AO,2026-05-07 22:30:00,2860.0,2865.0,2860.0,2864.0,789,313600.0,
AO,2026-05-07 22:45:00,2864.0,2868.0,2863.0,2865.0,5656,313089.0,
AO,2026-05-07 23:00:00,2866.0,2870.0,2864.0,2870.0,6972,313493.0,
AO,2026-05-07 23:15:00,2869.0,2872.0,2868.0,2869.0,8077,315097.0,
AO,2026-05-07 23:30:00,2869.0,2870.0,2865.0,2867.0,4637,314134.0,
AO,2026-05-07 23:45:00,2867.0,2870.0,2866.0,2869.0,1497,313863.0,
AO,2026-05-08 00:00:00,2870.0,2870.0,2867.0,2868.0,69,313392.0,
AO,2026-05-08 00:15:00,2867.0,2868.0,2865.0,2865.0,2023,312529.0,
AO,2026-05-08 00:30:00,2865.0,2866.0,2863.0,2865.0,2287,312210.0,
AO,2026-05-08 00:45:00,2865.0,2868.0,2864.0,2868.0,1102,312034.0,
AO,2026-05-08 01:00:00,2868.0,2869.0,2867.0,2867.0,1923,311037.0,
AO,2026-05-08 09:15:00,2867.0,2869.0,2856.0,2859.0,16577,309932.0,
AO,2026-05-08 09:30:00,2860.0,2860.0,2854.0,2856.0,10705,311571.0,
AO,2026-05-08 09:45:00,2856.0,2859.0,2853.0,2854.0,339,312035.0,
AO,2026-05-08 10:00:00,2854.0,2857.0,2851.0,2855.0,7015,312060.0,
AO,2026-05-08 10:15:00,2856.0,2856.0,2845.0,2845.0,15092,314332.0,
AO,2026-05-08 10:45:00,2845.0,2845.0,2835.0,2842.0,9508,318261.0,
AO,2026-05-08 11:00:00,2834.0,2836.0,2826.0,2829.0,565,321285.0,
AO,2026-05-08 11:15:00,2830.0,2835.0,2829.0,2833.0,3773,322064.0,
AO,2026-05-08 11:30:00,2833.0,2833.0,2831.0,2832.0,200,322917.0,
AO,2026-05-08 13:45:00,2832.0,2834.0,2823.0,2825.0,50,327056.0,
AO,2026-05-08 14:00:00,2825.0,2831.0,2820.0,2824.0,171,328857.0,
AO,2026-05-08 14:15:00,2823.0,2827.0,2820.0,2824.0,2016,330728.0,
AO,2026-05-08 14:30:00,2823.0,2828.0,2822.0,2826.0,3584,330298.0,
AO,2026-05-08 14:45:00,2826.0,2829.0,2825.0,2828.0,132,329500.0,
AO,2026-05-08 15:00:00,2830.0,2833.0,2827.0,2827.0,3324,325984.0,
AO,2026-05-08 21:15:00,2824.0,2828.0,2809.0,2814.0,43600,334316.0,
AO,2026-05-08 21:30:00,2814.0,2817.0,2811.0,2813.0,10895,337246.0,
AO,2026-05-08 21:45:00,2812.0,2820.0,2812.0,2817.0,10198,339509.0,
AO,2026-05-08 22:00:00,2817.0,2819.0,2814.0,2817.0,5873,340922.0,
AO,2026-05-08 22:15:00,2816.0,2824.0,2815.0,2821.0,10,341099.0,
AO,2026-05-08 22:30:00,2820.0,2821.0,2817.0,2820.0,2,342015.0,
AO,2026-05-08 22:45:00,2820.0,2821.0,2816.0,2817.0,17,341913.0,
AO,2026-05-08 23:00:00,2817.0,2818.0,2808.0,2810.0,221,342130.0,
AO,2026-05-08 23:15:00,2811.0,2820.0,2809.0,2817.0,5,346030.0,
AO,2026-05-08 23:30:00,2817.0,2818.0,2816.0,2816.0,18,345459.0,
AO,2026-05-08 23:45:00,2816.0,2818.0,2815.0,2817.0,20,344762.0,
AO,2026-05-09 00:15:00,2816.0,2817.0,2814.0,2814.0,3,344148.0,
AO,2026-05-09 00:30:00,2815.0,2816.0,2813.0,2815.0,3,343793.0,
AO,2026-05-09 00:45:00,2815.0,2815.0,2812.0,2812.0,5,343385.0,
AO,2026-05-09 01:00:00,2812.0,2813.0,2809.0,2809.0,198,342222.0,
AO,2026-05-11 00:00:00,2817.0,2817.0,2816.0,2816.0,15,344557.0,
AO,2026-05-11 09:15:00,2810.0,2827.0,2793.0,2819.0,63127,338961.0,
AO,2026-05-11 09:30:00,2819.0,2821.0,2815.0,2820.0,7661,339462.0,
AO,2026-05-11 09:45:00,2820.0,2827.0,2817.0,2825.0,6660,339222.0,
AO,2026-05-11 10:00:00,2825.0,2827.0,2820.0,2826.0,5978,339141.0,
AO,2026-05-11 10:15:00,2825.0,2830.0,2823.0,2828.0,7820,337921.0,
AO,2026-05-11 10:45:00,2829.0,2831.0,2823.0,2829.0,5739,337224.0,
AO,2026-05-11 11:00:00,2830.0,2833.0,2827.0,2831.0,6986,335814.0,
AO,2026-05-11 11:15:00,2831.0,2832.0,2824.0,2825.0,6109,335460.0,
AO,2026-05-11 11:30:00,2825.0,2827.0,2822.0,2825.0,4942,334141.0,
AO,2026-05-11 13:45:00,2825.0,2826.0,2819.0,2824.0,8761,334602.0,
AO,2026-05-11 14:00:00,2824.0,2831.0,2822.0,2828.0,475,334848.0,
AO,2026-05-11 14:15:00,2828.0,2828.0,2822.0,2826.0,5465,334391.0,
AO,2026-05-11 14:30:00,2826.0,2829.0,2824.0,2828.0,409,334103.0,
AO,2026-05-11 14:45:00,2828.0,2830.0,2822.0,2823.0,3435,333369.0,
AO,2026-05-11 15:00:00,2823.0,2828.0,2821.0,2826.0,15,334087.0,
AO,2026-05-11 21:15:00,2832.0,2832.0,2817.0,2825.0,3,337292.0,
AO,2026-05-11 21:30:00,2825.0,2850.0,2824.0,2842.0,59,342996.0,
AO,2026-05-11 21:45:00,2842.0,2844.0,2834.0,2838.0,264,344525.0,
AO,2026-05-11 22:00:00,2837.0,2841.0,2835.0,2836.0,475,345035.0,
AO,2026-05-11 22:15:00,2837.0,2841.0,2836.0,2841.0,150,344546.0,
AO,2026-05-11 22:30:00,2840.0,2841.0,2837.0,2837.0,1,344614.0,
AO,2026-05-11 22:45:00,2837.0,2839.0,2831.0,2836.0,1,343690.0,
AO,2026-05-11 23:00:00,2836.0,2840.0,2834.0,2839.0,20,343785.0,
AO,2026-05-11 23:15:00,2839.0,2843.0,2838.0,2840.0,1,345201.0,
AO,2026-05-11 23:30:00,2840.0,2841.0,2838.0,2838.0,12,345219.0,
AO,2026-05-11 23:45:00,2838.0,2839.0,2837.0,2838.0,1,345018.0,
AO,2026-05-12 00:00:00,2838.0,2839.0,2829.0,2830.0,24,343562.0,
AO,2026-05-12 00:15:00,2830.0,2832.0,2821.0,2828.0,2,342593.0,
AO,2026-05-12 00:30:00,2828.0,2834.0,2828.0,2832.0,6,342457.0,
AO,2026-05-12 00:45:00,2832.0,2834.0,2832.0,2833.0,8,342109.0,
AO,2026-05-12 01:00:00,2833.0,2835.0,2832.0,2832.0,141,341068.0,
AO,2026-05-12 09:15:00,2833.0,2839.0,2824.0,2827.0,2327,340656.0,
AO,2026-05-12 09:30:00,2826.0,2843.0,2825.0,2841.0,4185,339853.0,
AO,2026-05-12 09:45:00,2842.0,2843.0,2834.0,2838.0,28,338665.0,
AO,2026-05-12 10:00:00,2836.0,2838.0,2823.0,2824.0,6406,336791.0,
AO,2026-05-12 10:15:00,2810.0,2813.0,2801.0,2802.0,1182,340305.0,
AO,2026-05-12 10:45:00,2802.0,2809.0,2794.0,2808.0,363,343386.0,
AO,2026-05-12 11:00:00,2807.0,2808.0,2801.0,2803.0,1172,343833.0,
AO,2026-05-12 11:15:00,2803.0,2803.0,2780.0,2784.0,1237,347917.0,
AO,2026-05-12 11:30:00,2782.0,2783.0,2781.0,2783.0,280,349202.0,
AO,2026-05-12 13:45:00,2783.0,2785.0,2779.0,2782.0,258,350654.0,
AO,2026-05-12 14:00:00,2782.0,2788.0,2780.0,2785.0,11,351927.0,
AO,2026-05-12 14:15:00,2786.0,2787.0,2781.0,2785.0,27,352082.0,
AO,2026-05-12 14:30:00,2786.0,2790.0,2785.0,2786.0,1190,351422.0,
AO,2026-05-12 14:45:00,2784.0,2787.0,2783.0,2784.0,3401,350818.0,
AO,2026-05-12 15:00:00,2785.0,2787.0,2780.0,2785.0,106,347660.0,
AO,2026-05-12 21:15:00,2782.0,2783.0,2771.0,2779.0,25411,354798.0,
AO,2026-05-12 21:30:00,2779.0,2781.0,2775.0,2780.0,7618,356785.0,
AO,2026-05-12 21:45:00,2780.0,2781.0,2777.0,2778.0,3846,357580.0,
AO,2026-05-12 22:00:00,2778.0,2787.0,2778.0,2785.0,8571,358573.0,
AO,2026-05-12 22:15:00,2785.0,2789.0,2785.0,2785.0,5613,358632.0,
AO,2026-05-12 22:30:00,2785.0,2787.0,2778.0,2784.0,1566,358686.0,
AO,2026-05-12 22:45:00,2784.0,2784.0,2781.0,2783.0,2163,358750.0,
AO,2026-05-12 23:00:00,2783.0,2785.0,2780.0,2785.0,3290,359236.0,
AO,2026-05-12 23:15:00,2785.0,2785.0,2780.0,2780.0,2980,359845.0,
AO,2026-05-12 23:30:00,2780.0,2784.0,2780.0,2783.0,2241,359666.0,
AO,2026-05-12 23:45:00,2783.0,2784.0,2781.0,2784.0,1206,359881.0,
AO,2026-05-13 00:00:00,2784.0,2784.0,2781.0,2782.0,735,359832.0,
AO,2026-05-13 00:15:00,2782.0,2782.0,2777.0,2778.0,2140,359803.0,
AO,2026-05-13 00:30:00,2778.0,2779.0,2777.0,2778.0,718,359774.0,
AO,2026-05-13 00:45:00,2778.0,2785.0,2777.0,2784.0,3476,359605.0,
AO,2026-05-13 01:00:00,2784.0,2784.0,2775.0,2775.0,2931,359108.0,
AO,2026-05-13 09:15:00,2777.0,2783.0,2776.0,2781.0,9806,358554.0,
AO,2026-05-13 09:30:00,2781.0,2782.0,2775.0,2778.0,8028,359112.0,
AO,2026-05-13 09:45:00,2778.0,2782.0,2778.0,2780.0,3098,359190.0,
AO,2026-05-13 10:00:00,2780.0,2795.0,2779.0,2790.0,14126,357591.0,
AO,2026-05-13 10:15:00,2790.0,2796.0,2787.0,2795.0,8669,356809.0,
AO,2026-05-13 10:45:00,2795.0,2796.0,2793.0,2793.0,5860,355235.0,
AO,2026-05-13 11:00:00,2793.0,2798.0,2791.0,2796.0,6237,354061.0,
AO,2026-05-13 11:15:00,2797.0,2799.0,2794.0,2796.0,4361,353457.0,
AO,2026-05-13 11:30:00,2796.0,2796.0,2792.0,2794.0,3705,352798.0,
AO,2026-05-13 13:45:00,2794.0,2798.0,2792.0,2793.0,6506,352874.0,
AO,2026-05-13 14:00:00,2793.0,2803.0,2793.0,2800.0,6877,352462.0,
AO,2026-05-13 14:15:00,2800.0,2802.0,2796.0,2797.0,4441,352182.0,
AO,2026-05-13 14:30:00,2798.0,2799.0,2795.0,2796.0,1043,351490.0,
AO,2026-05-13 14:45:00,2796.0,2804.0,2796.0,2804.0,5385,350715.0,
AO,2026-05-13 15:00:00,2804.0,2805.0,2798.0,2799.0,7894,349389.0,
AO,2026-05-13 21:15:00,2801.0,2805.0,2793.0,2802.0,17754,352419.0,
AO,2026-05-13 21:30:00,2802.0,2810.0,2798.0,2804.0,12277,353509.0,
AO,2026-05-13 21:45:00,2806.0,2807.0,2800.0,2807.0,5604,353376.0,
AO,2026-05-13 22:00:00,2806.0,2807.0,2802.0,2802.0,3237,353502.0,
AO,2026-05-13 22:15:00,2802.0,2803.0,2789.0,2799.0,16137,352680.0,
AO,2026-05-13 22:30:00,2799.0,2800.0,2794.0,2798.0,645,353567.0,
AO,2026-05-13 22:45:00,2797.0,2798.0,2790.0,2792.0,4083,353429.0,
AO,2026-05-13 23:00:00,2791.0,2797.0,2791.0,2796.0,5113,354486.0,
AO,2026-05-13 23:15:00,2796.0,2796.0,2792.0,2796.0,3554,355472.0,
AO,2026-05-13 23:30:00,2796.0,2796.0,2787.0,2789.0,6781,354240.0,
AO,2026-05-13 23:45:00,2790.0,2792.0,2789.0,2791.0,2571,354338.0,
AO,2026-05-14 00:00:00,2791.0,2791.0,2789.0,2790.0,64,354311.0,
AO,2026-05-14 00:15:00,2790.0,2797.0,2789.0,2795.0,4486,354697.0,
AO,2026-05-14 00:30:00,2795.0,2797.0,2794.0,2796.0,1239,354561.0,
AO,2026-05-14 00:45:00,2796.0,2798.0,2795.0,2795.0,773,354540.0,
AO,2026-05-14 01:00:00,2795.0,2800.0,2795.0,2798.0,3097,353277.0,
AO,2026-05-14 09:15:00,2798.0,2803.0,2787.0,2788.0,13391,352976.0,
AO,2026-05-14 09:30:00,2788.0,2793.0,2784.0,2785.0,7966,352867.0,
AO,2026-05-14 09:45:00,2785.0,2797.0,2782.0,2795.0,10676,353586.0,
AO,2026-05-14 10:00:00,2795.0,2828.0,2795.0,2816.0,56195,345351.0,
AO,2026-05-14 10:15:00,2815.0,2825.0,2809.0,2813.0,16855,342539.0,
AO,2026-05-14 10:45:00,2813.0,2817.0,2805.0,2810.0,10173,342511.0,
AO,2026-05-14 11:00:00,2810.0,2810.0,2795.0,2801.0,14779,343908.0,
AO,2026-05-14 11:15:00,2801.0,2801.0,2789.0,2792.0,9916,344902.0,
AO,2026-05-14 11:30:00,2792.0,2796.0,2790.0,2794.0,5892,345506.0,
AO,2026-05-14 13:45:00,2795.0,2801.0,2793.0,2798.0,9015,346301.0,
AO,2026-05-14 14:00:00,2798.0,2800.0,2792.0,2794.0,5369,347256.0,
AO,2026-05-14 14:15:00,2794.0,2795.0,2791.0,2794.0,14,347713.0,
AO,2026-05-14 14:30:00,2794.0,2798.0,2791.0,2796.0,654,347734.0,
AO,2026-05-14 14:45:00,2795.0,2797.0,2790.0,2790.0,2,347917.0,
AO,2026-05-14 15:00:00,2790.0,2795.0,2785.0,2790.0,2735,346803.0,
AO,2026-05-14 21:15:00,2791.0,2798.0,2788.0,2789.0,16341,349136.0,
AO,2026-05-14 21:30:00,2789.0,2793.0,2785.0,2792.0,9213,350306.0,
AO,2026-05-14 21:45:00,2792.0,2795.0,2790.0,2791.0,4263,350503.0,
AO,2026-05-14 22:00:00,2791.0,2792.0,2786.0,2790.0,5137,352040.0,
AO,2026-05-14 22:15:00,2790.0,2799.0,2788.0,2794.0,8692,350967.0,
AO,2026-05-14 22:30:00,2794.0,2795.0,2793.0,2794.0,315,351056.0,
AO,2026-05-14 22:45:00,2794.0,2803.0,2793.0,2799.0,9463,351221.0,
AO,2026-05-14 23:00:00,2799.0,2799.0,2795.0,2798.0,4360,351432.0,
AO,2026-05-14 23:15:00,2798.0,2804.0,2795.0,2801.0,8460,352653.0,
AO,2026-05-14 23:30:00,2801.0,2801.0,2797.0,2798.0,2401,352489.0,
AO,2026-05-14 23:45:00,2798.0,2800.0,2797.0,2799.0,1624,352586.0,
AO,2026-05-15 00:00:00,2799.0,2799.0,2798.0,2799.0,903,352438.0,
AO,2026-05-15 00:15:00,2799.0,2799.0,2797.0,2798.0,580,352332.0,
AO,2026-05-15 00:30:00,2798.0,2798.0,2794.0,2794.0,1881,351997.0,
AO,2026-05-15 00:45:00,2794.0,2797.0,2794.0,2796.0,994,351913.0,
AO,2026-05-15 01:00:00,2796.0,2798.0,2792.0,2792.0,2183,350873.0,
AO,2026-05-15 09:15:00,2792.0,2797.0,2786.0,2788.0,14314,350458.0,
AO,2026-05-15 09:30:00,2787.0,2788.0,2780.0,2782.0,13895,353277.0,
AO,2026-05-15 09:45:00,2783.0,2788.0,2782.0,2784.0,4966,353617.0,
AO,2026-05-15 10:00:00,2784.0,2787.0,2778.0,2778.0,7336,354116.0,
AO,2026-05-15 10:15:00,2781.0,2784.0,2776.0,2782.0,5846,354565.0,
AO,2026-05-15 10:45:00,2781.0,2784.0,2780.0,2782.0,3057,354813.0,
AO,2026-05-15 11:00:00,2781.0,2786.0,2781.0,2783.0,3186,355272.0,
AO,2026-05-15 11:15:00,2783.0,2785.0,2781.0,2784.0,2466,355532.0,
AO,2026-05-15 11:30:00,2784.0,2785.0,2781.0,2783.0,2637,355496.0,
AO,2026-05-15 13:45:00,2783.0,2783.0,2765.0,2766.0,6992,360064.0,
AO,2026-05-15 14:00:00,2766.0,2767.0,2750.0,2754.0,2472,362065.0,
AO,2026-05-15 14:15:00,2753.0,2756.0,2748.0,2753.0,2351,366237.0,
AO,2026-05-15 14:30:00,2752.0,2755.0,2745.0,2746.0,221,369877.0,
AO,2026-05-15 14:45:00,2744.0,2748.0,2743.0,2746.0,74,371829.0,
AO,2026-05-15 15:00:00,2745.0,2745.0,2722.0,2727.0,34,377273.0,
AO,2026-05-15 21:15:00,2722.0,2732.0,2721.0,2728.0,36491,383254.0,
AO,2026-05-15 21:30:00,2728.0,2733.0,2725.0,2729.0,13862,383345.0,
AO,2026-05-15 21:45:00,2729.0,2735.0,2729.0,2732.0,8502,384083.0,
AO,2026-05-15 22:00:00,2732.0,2737.0,2729.0,2736.0,7228,384806.0,
AO,2026-05-15 22:15:00,2736.0,2746.0,2735.0,2740.0,14553,385048.0,
AO,2026-05-15 22:30:00,2740.0,2744.0,2738.0,2742.0,1419,384349.0,
AO,2026-05-15 22:45:00,2742.0,2743.0,2737.0,2740.0,5495,383992.0,
AO,2026-05-15 23:00:00,2740.0,2742.0,2738.0,2741.0,218,384182.0,
AO,2026-05-15 23:15:00,2741.0,2741.0,2737.0,2738.0,2,385437.0,
AO,2026-05-15 23:30:00,2738.0,2739.0,2736.0,2738.0,2,384925.0,
AO,2026-05-15 23:45:00,2738.0,2738.0,2734.0,2736.0,8,383752.0,
AO,2026-05-16 00:15:00,2734.0,2737.0,2734.0,2736.0,6,383411.0,
AO,2026-05-16 00:30:00,2736.0,2736.0,2735.0,2736.0,16,383215.0,
AO,2026-05-16 00:45:00,2736.0,2738.0,2735.0,2736.0,3,382823.0,
AO,2026-05-16 01:00:00,2736.0,2738.0,2734.0,2735.0,33,381663.0,
AO,2026-05-18 00:00:00,2736.0,2736.0,2733.0,2734.0,14,383569.0,
AO,2026-05-18 09:15:00,2736.0,2745.0,2734.0,2740.0,24607,380447.0,
AO,2026-05-18 09:30:00,2740.0,2741.0,2727.0,2730.0,14178,381285.0,
AO,2026-05-18 09:45:00,2730.0,2740.0,2729.0,2739.0,6711,381733.0,
AO,2026-05-18 10:00:00,2739.0,2742.0,2736.0,2739.0,5533,381859.0,
AO,2026-05-18 10:15:00,2738.0,2750.0,2738.0,2748.0,10007,380404.0,
AO,2026-05-18 10:45:00,2749.0,2753.0,2745.0,2748.0,8393,379473.0,
AO,2026-05-18 11:00:00,2748.0,2756.0,2747.0,2754.0,5123,378249.0,
AO,2026-05-18 11:15:00,2754.0,2757.0,2751.0,2754.0,7595,376734.0,
AO,2026-05-18 11:30:00,2754.0,2755.0,2751.0,2753.0,4196,376226.0,
AO,2026-05-18 13:45:00,2753.0,2755.0,2749.0,2753.0,5392,376564.0,
AO,2026-05-18 14:00:00,2753.0,2754.0,2746.0,2748.0,4870,375900.0,
AO,2026-05-18 14:15:00,2749.0,2750.0,2745.0,2750.0,3699,375813.0,
AO,2026-05-18 14:30:00,2749.0,2753.0,2749.0,2750.0,4295,375815.0,
AO,2026-05-18 14:45:00,2751.0,2751.0,2743.0,2746.0,5280,375007.0,
AO,2026-05-18 15:00:00,2747.0,2749.0,2741.0,2746.0,87,374590.0,
AO,2026-05-18 21:15:00,2743.0,2751.0,2736.0,2738.0,24391,375547.0,
AO,2026-05-18 21:30:00,2737.0,2740.0,2732.0,2739.0,9635,377557.0,
AO,2026-05-18 21:45:00,2739.0,2742.0,2738.0,2740.0,4733,378211.0,
AO,2026-05-18 22:00:00,2740.0,2741.0,2738.0,2740.0,2509,378453.0,
AO,2026-05-18 22:15:00,2741.0,2741.0,2734.0,2736.0,4705,379223.0,
AO,2026-05-18 22:30:00,2736.0,2736.0,2730.0,2733.0,185,380208.0,
AO,2026-05-18 22:45:00,2733.0,2735.0,2732.0,2733.0,2852,380966.0,
AO,2026-05-18 23:00:00,2733.0,2737.0,2732.0,2737.0,4425,382195.0,
AO,2026-05-18 23:15:00,2736.0,2736.0,2727.0,2728.0,8141,385570.0,
AO,2026-05-18 23:30:00,2728.0,2730.0,2727.0,2730.0,3746,386509.0,
AO,2026-05-18 23:45:00,2730.0,2730.0,2728.0,2729.0,1346,386542.0,
AO,2026-05-19 00:00:00,2730.0,2730.0,2729.0,2729.0,571,386562.0,
AO,2026-05-19 00:15:00,2729.0,2731.0,2728.0,2731.0,633,386676.0,
AO,2026-05-19 00:30:00,2731.0,2731.0,2723.0,2725.0,4759,387097.0,
AO,2026-05-19 00:45:00,2725.0,2726.0,2712.0,2712.0,12521,389564.0,
AO,2026-05-19 01:00:00,2712.0,2715.0,2708.0,2710.0,7265,389452.0,
AO,2026-05-19 09:15:00,2718.0,2733.0,2710.0,2727.0,25526,388415.0,
AO,2026-05-19 09:30:00,2727.0,2728.0,2715.0,2717.0,10096,390166.0,
AO,2026-05-19 09:45:00,2718.0,2719.0,2715.0,2717.0,4826,391597.0,
AO,2026-05-19 10:00:00,2718.0,2718.0,2706.0,2710.0,8485,393897.0,
AO,2026-05-19 10:15:00,2710.0,2719.0,2709.0,2717.0,7899,393625.0,
AO,2026-05-19 10:45:00,2717.0,2722.0,2714.0,2718.0,6253,392875.0,
AO,2026-05-19 11:00:00,2718.0,2722.0,2715.0,2717.0,4174,392646.0,
AO,2026-05-19 11:15:00,2716.0,2719.0,2713.0,2715.0,4287,392362.0,
AO,2026-05-19 11:30:00,2715.0,2722.0,2714.0,2719.0,3959,392084.0,
AO,2026-05-19 13:45:00,2718.0,2724.0,2718.0,2720.0,6400,393325.0,
AO,2026-05-19 14:00:00,2720.0,2726.0,2720.0,2724.0,6062,394429.0,
AO,2026-05-19 14:15:00,2723.0,2729.0,2722.0,2723.0,7335,394063.0,
AO,2026-05-19 14:30:00,2724.0,2724.0,2719.0,2722.0,216,394000.0,
AO,2026-05-19 14:45:00,2722.0,2723.0,2716.0,2716.0,6245,394186.0,
AO,2026-05-19 15:00:00,2717.0,2724.0,2716.0,2724.0,6233,393435.0,
AO,2026-05-19 21:15:00,2725.0,2727.0,2706.0,2708.0,24389,400836.0,
AO,2026-05-19 21:30:00,2707.0,2713.0,2707.0,2709.0,10485,403214.0,
AO,2026-05-19 21:45:00,2709.0,2715.0,2709.0,2713.0,5701,403010.0,
AO,2026-05-19 22:00:00,2713.0,2714.0,2707.0,2711.0,4837,403593.0,
AO,2026-05-19 22:15:00,2711.0,2712.0,2708.0,2709.0,3998,404610.0,
AO,2026-05-19 22:30:00,2709.0,2712.0,2709.0,2711.0,116,404373.0,
AO,2026-05-19 22:45:00,2711.0,2713.0,2709.0,2713.0,3904,404652.0,
AO,2026-05-19 23:00:00,2713.0,2718.0,2712.0,2715.0,8229,404987.0,
AO,2026-05-19 23:15:00,2715.0,2721.0,2715.0,2715.0,6930,405324.0,
AO,2026-05-19 23:30:00,2715.0,2717.0,2715.0,2716.0,1851,405382.0,
AO,2026-05-19 23:45:00,2716.0,2717.0,2715.0,2716.0,1059,405409.0,
AO,2026-05-20 00:00:00,2716.0,2717.0,2715.0,2717.0,537,405340.0,
AO,2026-05-20 00:15:00,2717.0,2720.0,2716.0,2719.0,340,404874.0,
AO,2026-05-20 00:30:00,2719.0,2720.0,2718.0,2719.0,736,404580.0,
AO,2026-05-20 00:45:00,2719.0,2722.0,2719.0,2722.0,1702,403973.0,
AO,2026-05-20 01:00:00,2722.0,2723.0,2720.0,2722.0,2857,402557.0,
AO,2026-05-20 09:15:00,2721.0,2722.0,2716.0,2721.0,10116,401236.0,
AO,2026-05-20 09:30:00,2721.0,2726.0,2718.0,2723.0,2884,401343.0,
AO,2026-05-20 09:45:00,2723.0,2726.0,2715.0,2716.0,18,401484.0,
AO,2026-05-20 10:00:00,2716.0,2731.0,2715.0,2727.0,2005,401059.0,
AO,2026-05-20 10:15:00,2727.0,2727.0,2716.0,2718.0,601,401636.0,
AO,2026-05-20 10:45:00,2718.0,2721.0,2715.0,2718.0,685,401832.0,
AO,2026-05-20 11:00:00,2723.0,2724.0,2719.0,2719.0,391,401680.0,
AO,2026-05-20 11:15:00,2718.0,2719.0,2713.0,2713.0,10,402021.0,
AO,2026-05-20 11:30:00,2714.0,2722.0,2711.0,2721.0,2109,400831.0,
AO,2026-05-20 13:45:00,2721.0,2722.0,2711.0,2712.0,133,401718.0,
AO,2026-05-20 14:00:00,2712.0,2718.0,2712.0,2716.0,1185,402807.0,
AO,2026-05-20 14:15:00,2715.0,2718.0,2713.0,2718.0,27,403319.0,
AO,2026-05-20 14:30:00,2717.0,2717.0,2712.0,2713.0,19,404536.0,
AO,2026-05-20 14:45:00,2713.0,2715.0,2711.0,2712.0,38,405231.0,
AO,2026-05-20 15:00:00,2712.0,2716.0,2712.0,2713.0,113,404520.0,
AO,2026-05-20 21:15:00,2710.0,2724.0,2704.0,2723.0,29036,407197.0,
AO,2026-05-20 21:30:00,2723.0,2726.0,2719.0,2725.0,9645,407527.0,
AO,2026-05-20 21:45:00,2725.0,2725.0,2717.0,2719.0,7191,408175.0,
AO,2026-05-20 22:00:00,2719.0,2720.0,2715.0,2717.0,4285,408329.0,
AO,2026-05-20 22:15:00,2718.0,2719.0,2712.0,2713.0,5543,408418.0,
AO,2026-05-20 22:30:00,2713.0,2718.0,2713.0,2716.0,239,408727.0,
AO,2026-05-20 22:45:00,2716.0,2719.0,2713.0,2717.0,4592,409374.0,
AO,2026-05-20 23:00:00,2717.0,2721.0,2716.0,2720.0,4448,409967.0,
AO,2026-05-20 23:15:00,2720.0,2721.0,2717.0,2718.0,4962,410847.0,
AO,2026-05-20 23:30:00,2718.0,2719.0,2717.0,2717.0,1684,410950.0,
AO,2026-05-20 23:45:00,2718.0,2719.0,2717.0,2717.0,939,410964.0,
AO,2026-05-21 00:00:00,2717.0,2719.0,2717.0,2718.0,792,410828.0,
AO,2026-05-21 00:15:00,2718.0,2718.0,2714.0,2718.0,344,410719.0,
AO,2026-05-21 00:30:00,2718.0,2718.0,2716.0,2717.0,445,410589.0,
AO,2026-05-21 00:45:00,2717.0,2718.0,2716.0,2717.0,875,410425.0,
AO,2026-05-21 01:00:00,2717.0,2718.0,2716.0,2718.0,1434,409675.0,
AO,2026-05-21 09:15:00,2718.0,2730.0,2718.0,2728.0,19129,407694.0,
AO,2026-05-21 09:30:00,2729.0,2737.0,2727.0,2731.0,17462,405177.0,
AO,2026-05-21 09:45:00,2731.0,2737.0,2729.0,2731.0,9007,404433.0,
AO,2026-05-21 10:00:00,2731.0,2732.0,2726.0,2728.0,6094,403808.0,
AO,2026-05-21 10:15:00,2729.0,2736.0,2727.0,2731.0,6443,402984.0,
AO,2026-05-21 10:45:00,2732.0,2733.0,2722.0,2726.0,7078,404381.0,
AO,2026-05-21 11:00:00,2725.0,2727.0,2723.0,2726.0,3926,405134.0,
AO,2026-05-21 11:15:00,2726.0,2726.0,2719.0,2720.0,7863,406337.0,
AO,2026-05-21 11:30:00,2720.0,2726.0,2720.0,2724.0,4083,406096.0,
AO,2026-05-21 13:45:00,2725.0,2726.0,2713.0,2717.0,10349,407342.0,
AO,2026-05-21 14:00:00,2716.0,2719.0,2712.0,2712.0,6779,408230.0,
AO,2026-05-21 14:15:00,2712.0,2713.0,2708.0,2711.0,12754,411436.0,
AO,2026-05-21 14:30:00,2711.0,2712.0,2707.0,2708.0,7780,413203.0,
AO,2026-05-21 14:45:00,2707.0,2711.0,2705.0,2705.0,9094,414500.0,
AO,2026-05-21 15:00:00,2706.0,2710.0,2706.0,2709.0,11,413992.0,
AO,2026-05-21 21:15:00,2708.0,2712.0,2703.0,2711.0,20325,418963.0,
AO,2026-05-21 21:30:00,2711.0,2715.0,2702.0,2712.0,12802,420775.0,
AO,2026-05-21 21:45:00,2711.0,2712.0,2708.0,2709.0,3905,421097.0,
AO,2026-05-21 22:00:00,2710.0,2712.0,2706.0,2707.0,5303,421363.0,
AO,2026-05-21 22:15:00,2707.0,2711.0,2707.0,2709.0,2607,421868.0,
AO,2026-05-21 22:30:00,2709.0,2710.0,2705.0,2706.0,187,422167.0,
AO,2026-05-21 22:45:00,2706.0,2710.0,2705.0,2709.0,2316,422515.0,
AO,2026-05-21 23:00:00,2709.0,2711.0,2708.0,2710.0,2811,422754.0,
AO,2026-05-21 23:15:00,2710.0,2711.0,2707.0,2709.0,3331,423702.0,
AO,2026-05-21 23:30:00,2709.0,2710.0,2708.0,2710.0,919,423611.0,
AO,2026-05-21 23:45:00,2710.0,2710.0,2708.0,2708.0,575,423467.0,
AO,2026-05-22 00:00:00,2708.0,2709.0,2706.0,2706.0,934,423525.0,
AO,2026-05-22 00:15:00,2707.0,2712.0,2706.0,2710.0,2377,423307.0,
AO,2026-05-22 00:30:00,2710.0,2710.0,2709.0,2710.0,441,423147.0,
AO,2026-05-22 00:45:00,2709.0,2710.0,2708.0,2709.0,315,423149.0,
AO,2026-05-22 01:00:00,2709.0,2710.0,2707.0,2709.0,1551,422609.0,
AO,2026-05-22 09:15:00,2709.0,2714.0,2703.0,2708.0,13104,422043.0,
AO,2026-05-22 09:30:00,2708.0,2714.0,2704.0,2713.0,7932,422394.0,
AO,2026-05-22 09:45:00,2713.0,2713.0,2706.0,2706.0,5223,422292.0,
AO,2026-05-22 10:00:00,2706.0,2709.0,2693.0,2694.0,20149,424913.0,
AO,2026-05-22 10:15:00,2694.0,2702.0,2689.0,2696.0,25371,425408.0,
AO,2026-05-22 10:45:00,2697.0,2699.0,2693.0,2695.0,6196,424701.0,
AO,2026-05-22 11:00:00,2695.0,2729.0,2695.0,2724.0,47522,416911.0,
AO,2026-05-22 11:15:00,2724.0,2725.0,2713.0,2720.0,13434,415338.0,
AO,2026-05-22 11:30:00,2720.0,2721.0,2711.0,2716.0,9865,414925.0,
AO,2026-05-22 13:45:00,2715.0,2723.0,2715.0,2723.0,9533,414534.0,
AO,2026-05-22 14:00:00,2722.0,2723.0,2717.0,2718.0,6283,413985.0,
AO,2026-05-22 14:15:00,2719.0,2725.0,2718.0,2720.0,6613,413263.0,
AO,2026-05-22 14:30:00,2720.0,2720.0,2714.0,2715.0,5585,412633.0,
AO,2026-05-22 14:45:00,2715.0,2721.0,2714.0,2720.0,4223,412524.0,
AO,2026-05-22 15:00:00,2721.0,2721.0,2715.0,2717.0,256,411515.0,
AO,2026-05-22 21:15:00,2712.0,2718.0,2706.0,2715.0,20,416079.0,
AO,2026-05-22 21:30:00,2714.0,2718.0,2711.0,2714.0,53,417383.0,
AO,2026-05-22 21:45:00,2714.0,2715.0,2696.0,2697.0,239,424396.0,
AO,2026-05-22 22:00:00,2697.0,2702.0,2696.0,2699.0,27,426793.0,
AO,2026-05-22 22:15:00,2699.0,2701.0,2695.0,2696.0,36,428672.0,
AO,2026-05-22 22:30:00,2696.0,2699.0,2694.0,2696.0,125,430414.0,
AO,2026-05-22 22:45:00,2696.0,2699.0,2690.0,2695.0,94,432535.0,
AO,2026-05-22 23:00:00,2696.0,2698.0,2694.0,2698.0,42,433105.0,
AO,2026-05-22 23:15:00,2697.0,2701.0,2697.0,2699.0,11,434109.0,
AO,2026-05-22 23:30:00,2699.0,2700.0,2697.0,2698.0,2,434059.0,
AO,2026-05-22 23:45:00,2698.0,2699.0,2697.0,2698.0,4,433680.0,
AO,2026-05-23 00:15:00,2698.0,2698.0,2695.0,2696.0,3,433550.0,
AO,2026-05-23 00:30:00,2696.0,2696.0,2692.0,2694.0,27,434147.0,
AO,2026-05-23 00:45:00,2694.0,2695.0,2693.0,2694.0,4,434218.0,
AO,2026-05-23 01:00:00,2694.0,2694.0,2685.0,2690.0,10,433847.0,
AO,2026-05-25 00:00:00,2698.0,2699.0,2697.0,2698.0,13,433620.0,
AO,2026-05-25 09:15:00,2709.0,2736.0,2709.0,2735.0,94141,418623.0,
AO,2026-05-25 09:30:00,2735.0,2741.0,2726.0,2729.0,31314,416208.0,
AO,2026-05-25 09:45:00,2729.0,2733.0,2725.0,2725.0,778,415070.0,
AO,2026-05-25 10:00:00,2727.0,2727.0,2716.0,2717.0,15394,414851.0,
AO,2026-05-25 10:15:00,2723.0,2730.0,2717.0,2727.0,8282,414126.0,
AO,2026-05-25 10:45:00,2725.0,2726.0,2721.0,2725.0,5325,413707.0,
AO,2026-05-25 11:00:00,2724.0,2725.0,2718.0,2720.0,5017,414089.0,
AO,2026-05-25 11:15:00,2720.0,2721.0,2717.0,2719.0,5270,414554.0,
AO,2026-05-25 11:30:00,2719.0,2721.0,2717.0,2720.0,758,414457.0,
AO,2026-05-25 13:45:00,2720.0,2727.0,2720.0,2721.0,1388,414222.0,
AO,2026-05-25 14:00:00,2722.0,2723.0,2722.0,2723.0,58,414210.0,
AO,2026-05-25 14:15:00,2724.0,2725.0,2723.0,2725.0,922,414306.0,
AO,2026-05-25 14:30:00,2725.0,2728.0,2722.0,2726.0,505,414218.0,
AO,2026-05-25 14:45:00,2726.0,2738.0,2725.0,2738.0,285,412212.0,
AO,2026-05-25 15:00:00,2738.0,2746.0,2735.0,2746.0,395,407351.0,
AO,2026-05-25 21:15:00,2748.0,2760.0,2731.0,2739.0,47456,402589.0,
AO,2026-05-25 21:30:00,2739.0,2740.0,2734.0,2736.0,13,401964.0,
AO,2026-05-25 21:45:00,2736.0,2742.0,2735.0,2740.0,7,402173.0,
AO,2026-05-25 22:00:00,2740.0,2744.0,2734.0,2741.0,9,402473.0,
AO,2026-05-25 22:15:00,2741.0,2743.0,2738.0,2742.0,13,402538.0,
AO,2026-05-25 22:30:00,2742.0,2743.0,2738.0,2742.0,3,402013.0,
AO,2026-05-25 22:45:00,2742.0,2774.0,2740.0,2774.0,4020,402750.0,
AO,2026-05-25 23:00:00,2775.0,2846.0,2774.0,2821.0,19148,391771.0,
AO,2026-05-25 23:15:00,2822.0,2832.0,2819.0,2825.0,18,393033.0,
AO,2026-05-25 23:30:00,2824.0,2834.0,2822.0,2832.0,206,391072.0,
AO,2026-05-25 23:45:00,2832.0,2837.0,2830.0,2833.0,54,388930.0,
AO,2026-05-26 00:00:00,2833.0,2836.0,2826.0,2829.0,33,386492.0,
AO,2026-05-26 00:15:00,2829.0,2836.0,2827.0,2834.0,24,385020.0,
AO,2026-05-26 00:30:00,2835.0,2844.0,2834.0,2844.0,91,385348.0,
AO,2026-05-26 00:45:00,2844.0,2854.0,2841.0,2848.0,60,384106.0,
AO,2026-05-26 01:00:00,2848.0,2856.0,2846.0,2848.0,570,379431.0,
AO,2026-05-26 09:15:00,2849.0,2858.0,2833.0,2852.0,12,373299.0,
AO,2026-05-26 09:30:00,2853.0,2864.0,2843.0,2857.0,285,370000.0,
AO,2026-05-26 09:45:00,2857.0,2861.0,2853.0,2855.0,342,369657.0,
AO,2026-05-26 10:00:00,2859.0,2860.0,2847.0,2849.0,681,366449.0,
AO,2026-05-26 10:15:00,2849.0,2852.0,2836.0,2838.0,87,362719.0,
AO,2026-05-26 10:45:00,2837.0,2850.0,2834.0,2846.0,103,362632.0,
AO,2026-05-26 11:00:00,2846.0,2849.0,2843.0,2844.0,46,362961.0,
AO,2026-05-26 11:15:00,2844.0,2853.0,2843.0,2850.0,1175,363671.0,
AO,2026-05-26 11:30:00,2850.0,2860.0,2849.0,2855.0,406,362464.0,
AO,2026-05-26 13:45:00,2857.0,2864.0,2854.0,2857.0,60,364382.0,
AO,2026-05-26 14:00:00,2858.0,2858.0,2854.0,2854.0,2586,364470.0,
AO,2026-05-26 14:15:00,2851.0,2852.0,2842.0,2845.0,8,362762.0,
AO,2026-05-26 14:30:00,2843.0,2852.0,2841.0,2851.0,3603,361890.0,
AO,2026-05-26 14:45:00,2851.0,2853.0,2843.0,2847.0,1744,360907.0,
AO,2026-05-26 15:00:00,2847.0,2855.0,2845.0,2853.0,726,357170.0,
AO,2026-05-26 21:15:00,2856.0,2898.0,2848.0,2887.0,134475,364754.0,
AO,2026-05-26 21:30:00,2887.0,2887.0,2873.0,2876.0,50721,366837.0,
AO,2026-05-26 21:45:00,2875.0,2883.0,2864.0,2865.0,42235,367641.0,
AO,2026-05-26 22:00:00,2864.0,2873.0,2860.0,2863.0,34033,367506.0,
AO,2026-05-26 22:15:00,2863.0,2868.0,2860.0,2864.0,20501,367649.0,
AO,2026-05-26 22:30:00,2864.0,2867.0,2860.0,2861.0,5175,367580.0,
AO,2026-05-26 22:45:00,2861.0,2866.0,2857.0,2864.0,13538,366627.0,
AO,2026-05-26 23:00:00,2864.0,2864.0,2857.0,2859.0,16800,365184.0,
AO,2026-05-26 23:15:00,2860.0,2861.0,2852.0,2859.0,25577,365773.0,
AO,2026-05-26 23:30:00,2859.0,2860.0,2855.0,2860.0,5989,365634.0,
AO,2026-05-26 23:45:00,2860.0,2861.0,2853.0,2857.0,9189,365141.0,
AO,2026-05-27 00:00:00,2857.0,2859.0,2855.0,2858.0,2197,364809.0,
AO,2026-05-27 00:15:00,2859.0,2861.0,2857.0,2858.0,4945,364703.0,
AO,2026-05-27 00:30:00,2859.0,2860.0,2858.0,2859.0,1870,364047.0,
AO,2026-05-27 00:45:00,2859.0,2861.0,2856.0,2857.0,3504,363393.0,
AO,2026-05-27 01:00:00,2857.0,2864.0,2856.0,2864.0,6674,361030.0,
AO,2026-05-27 09:15:00,2863.0,2865.0,2847.0,2849.0,37950,358518.0,
AO,2026-05-27 09:30:00,2849.0,2855.0,2847.0,2852.0,8368,358728.0,
AO,2026-05-27 09:45:00,2852.0,2860.0,2849.0,2858.0,12398,357455.0,
AO,2026-05-27 10:00:00,2855.0,2860.0,2846.0,2849.0,12918,356196.0,
AO,2026-05-27 10:15:00,2848.0,2855.0,2835.0,2842.0,27448,355269.0,
AO,2026-05-27 10:45:00,2843.0,2852.0,2842.0,2851.0,11961,354514.0,
AO,2026-05-27 11:00:00,2851.0,2858.0,2848.0,2857.0,3,353931.0,
AO,2026-05-27 11:15:00,2858.0,2864.0,2856.0,2858.0,17654,354254.0,
AO,2026-05-27 11:30:00,2858.0,2858.0,2849.0,2853.0,10313,352507.0,
AO,2026-05-27 13:45:00,2852.0,2853.0,2842.0,2845.0,17470,349964.0,
AO,2026-05-27 14:00:00,2844.0,2848.0,2841.0,2845.0,12213,349013.0,
AO,2026-05-27 14:15:00,2845.0,2846.0,2837.0,2844.0,16858,347092.0,
AO,2026-05-27 14:30:00,2843.0,2855.0,2841.0,2848.0,4336,344933.0,
AO,2026-05-27 14:45:00,2845.0,2847.0,2843.0,2845.0,1768,344196.0,
AO,2026-05-27 15:00:00,2846.0,2854.0,2846.0,2854.0,3834,342127.0,
AO,2026-05-27 21:15:00,2846.0,2864.0,2839.0,2852.0,48102,341734.0,
AO,2026-05-27 21:30:00,2852.0,2876.0,2852.0,2866.0,42780,341568.0,
AO,2026-05-27 21:45:00,2866.0,2875.0,2864.0,2868.0,20074,340532.0,
AO,2026-05-27 22:00:00,2868.0,2872.0,2865.0,2865.0,10266,340323.0,
AO,2026-05-27 22:15:00,2866.0,2871.0,2864.0,2868.0,7596,340661.0,
AO,2026-05-27 22:30:00,2868.0,2870.0,2864.0,2865.0,2911,339777.0,
AO,2026-05-27 22:45:00,2866.0,2875.0,2865.0,2874.0,10296,339282.0,
AO,2026-05-27 23:00:00,2873.0,2875.0,2868.0,2870.0,9292,340205.0,
AO,2026-05-27 23:15:00,2870.0,2881.0,2870.0,2875.0,22719,343594.0,
AO,2026-05-27 23:30:00,2875.0,2875.0,2872.0,2872.0,5729,343452.0,
AO,2026-05-27 23:45:00,2872.0,2874.0,2869.0,2871.0,5831,342017.0,
AO,2026-05-28 00:00:00,2871.0,2873.0,2868.0,2868.0,2519,341588.0,
AO,2026-05-28 00:15:00,2868.0,2871.0,2868.0,2870.0,2790,341085.0,
AO,2026-05-28 00:30:00,2870.0,2872.0,2869.0,2872.0,1808,340555.0,
AO,2026-05-28 00:45:00,2872.0,2872.0,2869.0,2869.0,1225,340438.0,
AO,2026-05-28 01:00:00,2869.0,2870.0,2865.0,2866.0,4584,338587.0,
AO,2026-05-28 09:15:00,2869.0,2871.0,2852.0,2855.0,28340,336028.0,
AO,2026-05-28 09:30:00,2856.0,2860.0,2854.0,2858.0,156,335720.0,
AO,2026-05-28 09:45:00,2857.0,2858.0,2853.0,2857.0,5606,335713.0,
AO,2026-05-28 10:00:00,2857.0,2857.0,2847.0,2855.0,14260,334093.0,
AO,2026-05-28 10:15:00,2855.0,2857.0,2847.0,2850.0,8901,334628.0,
AO,2026-05-28 10:45:00,2851.0,2859.0,2849.0,2857.0,7835,333998.0,
AO,2026-05-28 11:00:00,2856.0,2862.0,2852.0,2858.0,7849,332894.0,
AO,2026-05-28 11:15:00,2858.0,2865.0,2858.0,2863.0,2476,332067.0,
AO,2026-05-28 11:30:00,2862.0,2870.0,2856.0,2867.0,13308,332001.0,
AO,2026-05-28 13:45:00,2867.0,2870.0,2863.0,2866.0,9308,331179.0,
AO,2026-05-28 14:00:00,2864.0,2870.0,2862.0,2867.0,8622,330610.0,
AO,2026-05-28 14:15:00,2870.0,2872.0,2866.0,2869.0,7440,330839.0,
AO,2026-05-28 14:30:00,2869.0,2873.0,2866.0,2868.0,6804,330528.0,
AO,2026-05-28 14:45:00,2868.0,2873.0,2864.0,2865.0,6082,329656.0,
AO,2026-05-28 15:00:00,2866.0,2870.0,2865.0,2868.0,3488,329632.0,
AO,2026-05-28 21:15:00,2875.0,2900.0,2868.0,2876.0,80300,338547.0,
AO,2026-05-28 21:30:00,2877.0,2880.0,2870.0,2873.0,27571,341941.0,
AO,2026-05-28 21:45:00,2873.0,2877.0,2870.0,2875.0,13244,344058.0,
AO,2026-05-28 22:00:00,2875.0,2877.0,2871.0,2876.0,8660,343854.0,
AO,2026-05-28 22:15:00,2876.0,2878.0,2867.0,2873.0,13045,342970.0,
AO,2026-05-28 22:30:00,2874.0,2877.0,2872.0,2872.0,1729,342601.0,
AO,2026-05-28 22:45:00,2872.0,2888.0,2870.0,2887.0,19243,342334.0,
AO,2026-05-28 23:00:00,2888.0,2888.0,2880.0,2883.0,15734,344346.0,
AO,2026-05-28 23:15:00,2883.0,2885.0,2880.0,2882.0,6943,345022.0,
AO,2026-05-28 23:30:00,2883.0,2886.0,2881.0,2885.0,5490,344984.0,
AO,2026-05-28 23:45:00,2884.0,2885.0,2882.0,2883.0,2531,344752.0,
AO,2026-05-29 00:00:00,2883.0,2883.0,2879.0,2881.0,1423,343164.0,
AO,2026-05-29 00:15:00,2882.0,2883.0,2881.0,2882.0,2472,342953.0,
AO,2026-05-29 00:30:00,2881.0,2883.0,2880.0,2882.0,1530,342569.0,
AO,2026-05-29 00:45:00,2882.0,2883.0,2881.0,2882.0,1181,342173.0,
AO,2026-05-29 01:00:00,2881.0,2883.0,2880.0,2881.0,3413,340593.0,
AO,2026-05-29 09:15:00,2878.0,2885.0,2871.0,2883.0,20342,337767.0,
AO,2026-05-29 09:30:00,2882.0,2886.0,2878.0,2885.0,11345,338730.0,
AO,2026-05-29 09:45:00,2885.0,2895.0,2883.0,2894.0,59,338046.0,
AO,2026-05-29 10:00:00,2895.0,2896.0,2886.0,2890.0,11188,336889.0,
AO,2026-05-29 10:15:00,2890.0,2894.0,2888.0,2891.0,7694,336084.0,
AO,2026-05-29 10:45:00,2891.0,2908.0,2890.0,2899.0,42894,339034.0,
AO,2026-05-29 11:00:00,2899.0,2900.0,2891.0,2896.0,14074,336561.0,
AO,2026-05-29 11:15:00,2896.0,2897.0,2886.0,2890.0,11077,333373.0,
AO,2026-05-29 11:30:00,2890.0,2897.0,2889.0,2894.0,6967,333669.0,
AO,2026-05-29 13:45:00,2895.0,2905.0,2894.0,2902.0,14765,334190.0,
AO,2026-05-29 14:00:00,2902.0,2906.0,2898.0,2899.0,11704,333642.0,
AO,2026-05-29 14:15:00,2899.0,2903.0,2891.0,2897.0,16710,332553.0,
AO,2026-05-29 14:30:00,2898.0,2902.0,2894.0,2896.0,2507,332584.0,
AO,2026-05-29 14:45:00,2897.0,2910.0,2896.0,2908.0,12615,333043.0,
AO,2026-05-29 15:00:00,2908.0,2913.0,2897.0,2897.0,21348,329429.0,
AO,2026-05-29 21:15:00,2898.0,2910.0,2892.0,2895.0,97,329721.0,
AO,2026-05-29 21:30:00,2895.0,2897.0,2890.0,2896.0,7,329340.0,
AO,2026-05-29 21:45:00,2896.0,2896.0,2891.0,2895.0,21,328805.0,
AO,2026-05-29 22:00:00,2895.0,2895.0,2886.0,2893.0,63,326998.0,
AO,2026-05-29 22:15:00,2893.0,2894.0,2888.0,2890.0,6,326998.0,
AO,2026-05-29 22:30:00,2890.0,2891.0,2881.0,2884.0,1,326903.0,
AO,2026-05-29 22:45:00,2884.0,2886.0,2881.0,2884.0,269,327332.0,
AO,2026-05-29 23:00:00,2884.0,2892.0,2883.0,2891.0,33,327726.0,
AO,2026-05-29 23:15:00,2891.0,2892.0,2887.0,2889.0,1,328936.0,
AO,2026-05-29 23:30:00,2889.0,2889.0,2885.0,2887.0,1,328747.0,
AO,2026-05-29 23:45:00,2887.0,2888.0,2885.0,2886.0,1,328651.0,
AO,2026-05-30 00:15:00,2887.0,2887.0,2883.0,2884.0,11,327437.0,
AO,2026-05-30 00:30:00,2884.0,2886.0,2883.0,2885.0,11,327086.0,
AO,2026-05-30 00:45:00,2884.0,2887.0,2884.0,2887.0,1,326621.0,
AO,2026-05-30 01:00:00,2887.0,2888.0,2885.0,2887.0,119,324864.0,
AO,2026-06-01 00:00:00,2886.0,2887.0,2885.0,2886.0,11,328351.0,
AO,2026-06-01 09:15:00,2889.0,2896.0,2868.0,2875.0,313,319701.0,
AO,2026-06-01 09:30:00,2875.0,2882.0,2870.0,2881.0,148,317373.0,
AO,2026-06-01 09:45:00,2879.0,2895.0,2878.0,2893.0,1792,315011.0,
AO,2026-06-01 10:00:00,2893.0,2903.0,2893.0,2900.0,334,313406.0,
AO,2026-06-01 10:15:00,2895.0,2902.0,2894.0,2902.0,100,313110.0,
AO,2026-06-01 10:45:00,2902.0,2908.0,2898.0,2907.0,3198,313397.0,
AO,2026-06-01 11:00:00,2907.0,2907.0,2894.0,2899.0,30,312487.0,
AO,2026-06-01 11:15:00,2898.0,2900.0,2894.0,2894.0,90,311932.0,
AO,2026-06-01 11:30:00,2887.0,2887.0,2870.0,2877.0,138,312356.0,
AO,2026-06-01 13:45:00,2877.0,2887.0,2874.0,2886.0,2274,313824.0,
AO,2026-06-01 14:00:00,2894.0,2894.0,2886.0,2887.0,3797,314424.0,
AO,2026-06-01 14:15:00,2886.0,2890.0,2883.0,2885.0,3221,313818.0,
AO,2026-06-01 14:30:00,2886.0,2886.0,2884.0,2885.0,9,313304.0,
AO,2026-06-01 14:45:00,2884.0,2890.0,2883.0,2888.0,26,312953.0,
AO,2026-06-01 15:00:00,2890.0,2892.0,2887.0,2892.0,1750,311559.0,
AO,2026-06-01 21:15:00,2890.0,2890.0,2845.0,2855.0,46,323212.0,
AO,2026-06-01 21:30:00,2855.0,2863.0,2853.0,2857.0,31,323627.0,
AO,2026-06-01 21:45:00,2853.0,2863.0,2853.0,2863.0,14,323886.0,
AO,2026-06-01 22:00:00,2862.0,2867.0,2861.0,2862.0,64,322420.0,
AO,2026-06-01 22:15:00,2862.0,2866.0,2859.0,2863.0,12,322371.0,
AO,2026-06-01 22:30:00,2863.0,2869.0,2861.0,2868.0,29,322193.0,
AO,2026-06-01 22:45:00,2867.0,2869.0,2864.0,2869.0,3,322213.0,
AO,2026-06-01 23:00:00,2869.0,2869.0,2864.0,2869.0,162,322237.0,
AO,2026-06-01 23:15:00,2869.0,2870.0,2863.0,2865.0,15,323057.0,
AO,2026-06-01 23:30:00,2865.0,2869.0,2864.0,2867.0,1,322919.0,
AO,2026-06-01 23:45:00,2867.0,2874.0,2867.0,2872.0,1,321789.0,
AO,2026-06-02 00:00:00,2872.0,2877.0,2871.0,2871.0,15,320456.0,
AO,2026-06-02 00:15:00,2871.0,2874.0,2870.0,2871.0,20,320206.0,
AO,2026-06-02 00:30:00,2872.0,2873.0,2870.0,2873.0,2,319960.0,
AO,2026-06-02 00:45:00,2873.0,2873.0,2871.0,2871.0,6,319680.0,
AO,2026-06-02 01:00:00,2871.0,2873.0,2867.0,2868.0,31,317938.0,
AO,2026-06-02 09:15:00,2870.0,2872.0,2854.0,2861.0,3142,317362.0,
AO,2026-06-02 09:30:00,2862.0,2867.0,2861.0,2867.0,15,317668.0,
AO,2026-06-02 09:45:00,2861.0,2862.0,2858.0,2860.0,34,317002.0,
AO,2026-06-02 10:00:00,2851.0,2853.0,2842.0,2844.0,3882,315899.0,
AO,2026-06-02 10:15:00,2844.0,2850.0,2824.0,2828.0,19337,315030.0,
AO,2026-06-02 10:45:00,2827.0,2841.0,2826.0,2839.0,644,314250.0,
AO,2026-06-02 11:00:00,2845.0,2845.0,2841.0,2844.0,1632,313542.0,
AO,2026-06-02 11:15:00,2844.0,2845.0,2841.0,2845.0,5,313610.0,
AO,2026-06-02 11:30:00,2844.0,2849.0,2839.0,2845.0,71,313899.0,
AO,2026-06-02 13:45:00,2848.0,2851.0,2845.0,2848.0,1,313645.0,
AO,2026-06-02 14:00:00,2848.0,2856.0,2848.0,2856.0,1727,312102.0,
AO,2026-06-02 14:15:00,2849.0,2850.0,2844.0,2845.0,90,312061.0,
AO,2026-06-02 14:30:00,2848.0,2850.0,2845.0,2848.0,2231,311440.0,
AO,2026-06-02 14:45:00,2844.0,2846.0,2838.0,2844.0,5,311245.0,
AO,2026-06-02 15:00:00,2851.0,2852.0,2846.0,2851.0,6452,308963.0,
AO,2026-06-02 21:15:00,2851.0,2855.0,2834.0,2838.0,31672,312755.0,
AO,2026-06-02 21:30:00,2838.0,2843.0,2837.0,2838.0,7850,314065.0,
AO,2026-06-02 21:45:00,2837.0,2839.0,2831.0,2833.0,12735,314780.0,
AO,2026-06-02 22:00:00,2833.0,2836.0,2826.0,2827.0,12575,314823.0,
AO,2026-06-02 22:15:00,2827.0,2835.0,2827.0,2832.0,10032,314784.0,
AO,2026-06-02 22:30:00,2832.0,2834.0,2829.0,2831.0,2727,314666.0,
AO,2026-06-02 22:45:00,2830.0,2832.0,2826.0,2827.0,8660,315687.0,
AO,2026-06-02 23:00:00,2827.0,2831.0,2825.0,2830.0,8889,316467.0,
AO,2026-06-02 23:15:00,2830.0,2830.0,2821.0,2821.0,14069,318733.0,
AO,2026-06-02 23:30:00,2822.0,2825.0,2821.0,2823.0,5694,318509.0,
AO,2026-06-02 23:45:00,2823.0,2823.0,2821.0,2822.0,2052,318065.0,
AO,2026-06-03 00:00:00,2822.0,2825.0,2822.0,2823.0,1121,318331.0,
AO,2026-06-03 00:15:00,2823.0,2824.0,2823.0,2824.0,1138,318240.0,
AO,2026-06-03 00:30:00,2823.0,2824.0,2817.0,2818.0,5643,317002.0,
AO,2026-06-03 00:45:00,2819.0,2821.0,2817.0,2818.0,3880,316988.0,
AO,2026-06-03 01:00:00,2818.0,2822.0,2817.0,2820.0,3488,316237.0,
AO,2026-06-03 09:15:00,2823.0,2828.0,2819.0,2821.0,14518,315922.0,
AO,2026-06-03 09:30:00,2821.0,2822.0,2810.0,2812.0,19033,314977.0,
AO,2026-06-03 09:45:00,2813.0,2819.0,2812.0,2816.0,6477,314825.0,
AO,2026-06-03 10:00:00,2817.0,2817.0,2807.0,2810.0,7271,316623.0,
AO,2026-06-03 10:15:00,2811.0,2811.0,2802.0,2803.0,13623,317056.0,
AO,2026-06-03 10:45:00,2803.0,2810.0,2794.0,2807.0,27154,315624.0,
AO,2026-06-03 11:00:00,2808.0,2815.0,2804.0,2815.0,9362,315131.0,
AO,2026-06-03 11:15:00,2815.0,2816.0,2807.0,2812.0,8245,315487.0,
AO,2026-06-03 11:30:00,2812.0,2814.0,2806.0,2812.0,6137,315516.0,
AO,2026-06-03 13:45:00,2812.0,2819.0,2809.0,2816.0,8935,315873.0,
AO,2026-06-03 14:00:00,2815.0,2819.0,2813.0,2813.0,4952,316625.0,
AO,2026-06-03 14:15:00,2813.0,2816.0,2812.0,2815.0,3903,316628.0,
AO,2026-06-03 14:30:00,2815.0,2816.0,2812.0,2815.0,1145,316500.0,
AO,2026-06-03 14:45:00,2816.0,2817.0,2808.0,2814.0,131,316363.0,
AO,2026-06-03 15:00:00,2814.0,2815.0,2809.0,2813.0,3505,314161.0,
AO,2026-06-03 21:15:00,2806.0,2818.0,2806.0,2814.0,23912,317062.0,
AO,2026-06-03 21:30:00,2814.0,2820.0,2813.0,2818.0,13132,318634.0,
AO,2026-06-03 21:45:00,2817.0,2831.0,2816.0,2824.0,21026,319060.0,
AO,2026-06-03 22:00:00,2825.0,2826.0,2815.0,2819.0,11207,318372.0,
AO,2026-06-03 22:15:00,2819.0,2820.0,2816.0,2819.0,3968,318569.0,
AO,2026-06-03 22:30:00,2819.0,2823.0,2819.0,2820.0,969,318965.0,
AO,2026-06-03 22:45:00,2821.0,2823.0,2819.0,2822.0,3663,319404.0,
AO,2026-06-03 23:00:00,2822.0,2823.0,2818.0,2823.0,6321,319948.0,
AO,2026-06-03 23:15:00,2823.0,2823.0,2818.0,2820.0,4,321369.0,
AO,2026-06-03 23:30:00,2820.0,2826.0,2818.0,2823.0,14,320202.0,
AO,2026-06-03 23:45:00,2823.0,2824.0,2821.0,2822.0,2,319988.0,
AO,2026-06-04 00:00:00,2822.0,2822.0,2820.0,2821.0,8,319753.0,
AO,2026-06-04 00:15:00,2821.0,2821.0,2817.0,2818.0,3,319800.0,
AO,2026-06-04 00:30:00,2818.0,2820.0,2818.0,2819.0,7,319793.0,
AO,2026-06-04 00:45:00,2819.0,2820.0,2817.0,2818.0,2,319451.0,
AO,2026-06-04 01:00:00,2818.0,2819.0,2816.0,2819.0,21,318502.0,
AO,2026-06-04 09:15:00,2821.0,2822.0,2805.0,2806.0,131,317668.0,
AO,2026-06-04 09:30:00,2806.0,2808.0,2805.0,2806.0,38,318053.0,
AO,2026-06-04 09:45:00,2807.0,2807.0,2799.0,2800.0,1207,317761.0,
AO,2026-06-04 10:00:00,2797.0,2798.0,2786.0,2794.0,725,316886.0,
AO,2026-06-04 10:15:00,2789.0,2790.0,2786.0,2788.0,1486,318377.0,
AO,2026-06-04 10:45:00,2787.0,2787.0,2765.0,2765.0,7082,319073.0,
AO,2026-06-04 11:00:00,2766.0,2768.0,2760.0,2762.0,226,321134.0,
AO,2026-06-04 11:15:00,2759.0,2766.0,2758.0,2765.0,6516,320872.0,
AO,2026-06-04 11:30:00,2761.0,2764.0,2759.0,2764.0,934,321746.0,
AO,2026-06-04 13:45:00,2764.0,2767.0,2756.0,2757.0,2801,322533.0,
AO,2026-06-04 14:00:00,2756.0,2760.0,2751.0,2760.0,26,323424.0,
AO,2026-06-04 14:15:00,2760.0,2760.0,2754.0,2756.0,1044,325179.0,
AO,2026-06-04 14:30:00,2759.0,2763.0,2758.0,2759.0,271,324418.0,
AO,2026-06-04 14:45:00,2760.0,2763.0,2758.0,2762.0,1690,323838.0,
AO,2026-06-04 15:00:00,2761.0,2764.0,2759.0,2760.0,389,322129.0,
AO,2026-06-04 21:15:00,2756.0,2758.0,2745.0,2746.0,119,326967.0,
AO,2026-06-04 21:30:00,2745.0,2757.0,2745.0,2755.0,7,326588.0,
AO,2026-06-04 21:45:00,2755.0,2758.0,2750.0,2751.0,18,327734.0,
AO,2026-06-04 22:00:00,2752.0,2757.0,2751.0,2756.0,12,327795.0,
AO,2026-06-04 22:15:00,2755.0,2758.0,2751.0,2752.0,5,328310.0,
AO,2026-06-04 22:30:00,2752.0,2753.0,2751.0,2752.0,10,328392.0,
AO,2026-06-04 22:45:00,2752.0,2753.0,2750.0,2753.0,75,328567.0,
AO,2026-06-04 23:00:00,2753.0,2755.0,2750.0,2755.0,181,329324.0,
AO,2026-06-04 23:15:00,2754.0,2763.0,2754.0,2759.0,9,331508.0,
AO,2026-06-04 23:30:00,2759.0,2759.0,2755.0,2755.0,2,331389.0,
AO,2026-06-04 23:45:00,2756.0,2757.0,2755.0,2756.0,1,331486.0,
AO,2026-06-05 00:00:00,2756.0,2757.0,2753.0,2754.0,5,331287.0,
AO,2026-06-05 00:15:00,2754.0,2756.0,2753.0,2754.0,1,331098.0,
AO,2026-06-05 00:30:00,2754.0,2755.0,2753.0,2754.0,1,330985.0,
AO,2026-06-05 00:45:00,2754.0,2755.0,2752.0,2754.0,1,330717.0,
AO,2026-06-05 01:00:00,2754.0,2754.0,2750.0,2750.0,244,329596.0,
AO,2026-06-05 09:15:00,2752.0,2754.0,2742.0,2747.0,225,328979.0,
AO,2026-06-05 09:30:00,2746.0,2760.0,2746.0,2760.0,1144,327013.0,
AO,2026-06-05 09:45:00,2759.0,2763.0,2758.0,2762.0,1236,327645.0,
AO,2026-06-05 10:00:00,2760.0,2765.0,2758.0,2765.0,11,326533.0,
AO,2026-06-05 10:15:00,2764.0,2768.0,2762.0,2764.0,1150,326256.0,
AO,2026-06-05 10:45:00,2763.0,2766.0,2761.0,2763.0,490,325897.0,
AO,2026-06-05 11:00:00,2763.0,2765.0,2761.0,2762.0,56,325564.0,
AO,2026-06-05 11:15:00,2763.0,2765.0,2760.0,2763.0,4,325046.0,
AO,2026-06-05 11:30:00,2763.0,2771.0,2762.0,2769.0,112,324221.0,
AO,2026-06-05 13:45:00,2769.0,2773.0,2764.0,2768.0,726,323374.0,
AO,2026-06-05 14:00:00,2772.0,2772.0,2765.0,2765.0,1805,322857.0,
AO,2026-06-05 14:15:00,2765.0,2768.0,2761.0,2762.0,3051,321989.0,
AO,2026-06-05 14:30:00,2760.0,2765.0,2759.0,2761.0,4,321694.0,
AO,2026-06-05 14:45:00,2761.0,2764.0,2760.0,2761.0,4,320972.0,
AO,2026-06-05 15:00:00,2762.0,2768.0,2761.0,2766.0,15,319656.0,
AO,2026-06-05 21:15:00,2762.0,2781.0,2758.0,2767.0,29089,323829.0,
AO,2026-06-05 21:30:00,2767.0,2768.0,2762.0,2762.0,6941,324300.0,
AO,2026-06-05 21:45:00,2762.0,2764.0,2755.0,2760.0,10438,323556.0,
AO,2026-06-05 22:00:00,2760.0,2765.0,2759.0,2763.0,4547,323266.0,
AO,2026-06-05 22:15:00,2764.0,2771.0,2763.0,2766.0,8737,323959.0,
AO,2026-06-05 22:30:00,2766.0,2773.0,2764.0,2771.0,2599,323777.0,
AO,2026-06-05 22:45:00,2772.0,2775.0,2766.0,2768.0,8546,323284.0,
AO,2026-06-05 23:00:00,2768.0,2773.0,2767.0,2773.0,4735,323858.0,
AO,2026-06-05 23:15:00,2773.0,2774.0,2770.0,2771.0,5035,325083.0,
AO,2026-06-05 23:30:00,2772.0,2772.0,2769.0,2770.0,2609,324910.0,
AO,2026-06-05 23:45:00,2770.0,2771.0,2765.0,2766.0,3685,324242.0,
AO,2026-06-06 00:15:00,2765.0,2767.0,2765.0,2766.0,738,324090.0,
AO,2026-06-06 00:30:00,2766.0,2767.0,2762.0,2766.0,3114,323832.0,
AO,2026-06-06 00:45:00,2766.0,2766.0,2764.0,2765.0,827,323696.0,
AO,2026-06-06 01:00:00,2765.0,2774.0,2765.0,2774.0,5024,321598.0,
AO,2026-06-06 09:15:00,2775.0,2775.0,2775.0,2775.0,0,321597.0,
AO,2026-06-08 00:00:00,2766.0,2769.0,2765.0,2766.0,2263,324055.0,
AO,2026-06-08 09:15:00,2770.0,2775.0,2758.0,2774.0,20418,320722.0,
AO,2026-06-08 09:30:00,2775.0,2775.0,2765.0,2766.0,7386,321042.0,
AO,2026-06-08 09:45:00,2766.0,2781.0,2758.0,2774.0,21303,318795.0,
AO,2026-06-08 10:00:00,2774.0,2779.0,2768.0,2779.0,10403,317643.0,
AO,2026-06-08 10:15:00,2779.0,2788.0,2776.0,2780.0,20366,316028.0,
AO,2026-06-08 10:45:00,2781.0,2781.0,2773.0,2776.0,6403,316423.0,
AO,2026-06-08 11:00:00,2776.0,2778.0,2771.0,2778.0,1466,316553.0,
AO,2026-06-08 11:15:00,2778.0,2780.0,2775.0,2778.0,3691,316039.0,
AO,2026-06-08 11:30:00,2778.0,2792.0,2777.0,2778.0,19342,314115.0,
AO,2026-06-08 13:45:00,2778.0,2780.0,2766.0,2768.0,15525,313476.0,
AO,2026-06-08 14:00:00,2767.0,2779.0,2765.0,2778.0,13019,312386.0,
AO,2026-06-08 14:15:00,2778.0,2787.0,2778.0,2783.0,12855,311289.0,
AO,2026-06-08 14:30:00,2783.0,2785.0,2778.0,2783.0,4407,311801.0,
AO,2026-06-08 14:45:00,2783.0,2784.0,2777.0,2782.0,6165,310530.0,
AO,2026-06-08 15:00:00,2782.0,2783.0,2778.0,2780.0,65,309455.0,
AO,2026-06-08 21:15:00,2775.0,2796.0,2769.0,2788.0,31141,309752.0,
AO,2026-06-08 21:30:00,2788.0,2789.0,2779.0,2779.0,12754,310760.0,
AO,2026-06-08 21:45:00,2779.0,2784.0,2778.0,2780.0,5839,310908.0,
AO,2026-06-08 22:00:00,2780.0,2782.0,2775.0,2777.0,8349,310774.0,
AO,2026-06-08 22:15:00,2777.0,2780.0,2776.0,2776.0,4203,310993.0,
AO,2026-06-08 22:30:00,2776.0,2777.0,2772.0,2775.0,1305,311299.0,
AO,2026-06-08 22:45:00,2774.0,2780.0,2774.0,2779.0,4258,311821.0,
AO,2026-06-08 23:00:00,2780.0,2783.0,2775.0,2782.0,5144,312931.0,
AO,2026-06-08 23:15:00,2782.0,2786.0,2781.0,2783.0,8001,314881.0,
AO,2026-06-08 23:30:00,2783.0,2783.0,2778.0,2778.0,3830,314742.0,
AO,2026-06-08 23:45:00,2778.0,2780.0,2777.0,2779.0,1842,314574.0,
AO,2026-06-09 00:00:00,2779.0,2780.0,2778.0,2778.0,961,314409.0,
AO,2026-06-09 00:15:00,2778.0,2780.0,2778.0,2779.0,365,314309.0,
AO,2026-06-09 00:30:00,2779.0,2781.0,2778.0,2780.0,832,314087.0,
AO,2026-06-09 00:45:00,2780.0,2781.0,2780.0,2780.0,280,313985.0,
AO,2026-06-09 01:00:00,2780.0,2784.0,2779.0,2779.0,2752,312488.0,
AO,2026-06-09 09:15:00,2779.0,2779.0,2763.0,2763.0,20240,311763.0,
AO,2026-06-09 09:30:00,2765.0,2769.0,2757.0,2769.0,12742,311236.0,
AO,2026-06-09 09:45:00,2770.0,2775.0,2767.0,2773.0,9452,309750.0,
AO,2026-06-09 10:00:00,2770.0,2776.0,2767.0,2774.0,1906,308911.0,
AO,2026-06-09 10:15:00,2774.0,2775.0,2761.0,2763.0,8422,308827.0,
AO,2026-06-09 10:45:00,2763.0,2768.0,2762.0,2766.0,4768,308940.0,
AO,2026-06-09 11:00:00,2766.0,2774.0,2765.0,2769.0,4887,308454.0,
AO,2026-06-09 11:15:00,2768.0,2772.0,2766.0,2771.0,3157,308159.0,
AO,2026-06-09 11:30:00,2770.0,2774.0,2770.0,2771.0,3342,307814.0,
AO,2026-06-09 13:45:00,2771.0,2782.0,2768.0,2778.0,7522,308251.0,
AO,2026-06-09 14:00:00,2779.0,2781.0,2775.0,2779.0,5711,309191.0,
AO,2026-06-09 14:15:00,2779.0,2844.0,2778.0,2829.0,57925,307900.0,
AO,2026-06-09 14:30:00,2829.0,2850.0,2829.0,2845.0,91398,308330.0,
AO,2026-06-09 14:45:00,2845.0,2854.0,2836.0,2837.0,40806,305284.0,
AO,2026-06-09 15:00:00,2838.0,2847.0,2836.0,2838.0,235,302391.0,
AO,2026-06-09 21:15:00,2840.0,2857.0,2840.0,2844.0,45130,302725.0,
AO,2026-06-09 21:30:00,2844.0,2847.0,2830.0,2833.0,27263,302852.0,
AO,2026-06-09 21:45:00,2834.0,2838.0,2830.0,2833.0,11148,302829.0,
AO,2026-06-09 22:00:00,2832.0,2839.0,2829.0,2836.0,11870,302375.0,
AO,2026-06-09 22:15:00,2836.0,2842.0,2833.0,2838.0,9326,301655.0,
AO,2026-06-09 22:30:00,2838.0,2840.0,2833.0,2839.0,876,300655.0,
AO,2026-06-09 22:45:00,2839.0,2842.0,2836.0,2836.0,6513,300510.0,
AO,2026-06-09 23:00:00,2837.0,2842.0,2835.0,2841.0,6061,300107.0,
AO,2026-06-09 23:15:00,2841.0,2844.0,2839.0,2840.0,7834,301546.0,
AO,2026-06-09 23:30:00,2840.0,2840.0,2828.0,2834.0,11227,300571.0,
AO,2026-06-09 23:45:00,2834.0,2835.0,2826.0,2829.0,8367,300490.0,
AO,2026-06-10 00:00:00,2829.0,2831.0,2827.0,2830.0,1787,300132.0,
AO,2026-06-10 00:15:00,2829.0,2831.0,2827.0,2828.0,3146,299837.0,
AO,2026-06-10 00:30:00,2827.0,2830.0,2827.0,2828.0,2164,299552.0,
AO,2026-06-10 00:45:00,2828.0,2829.0,2825.0,2825.0,2955,298194.0,
AO,2026-06-10 01:00:00,2825.0,2830.0,2823.0,2825.0,4649,296548.0,
AO,2026-06-10 09:15:00,2825.0,2839.0,2823.0,2835.0,19869,296121.0,
AO,2026-06-10 09:30:00,2835.0,2855.0,2835.0,2853.0,29530,298415.0,
AO,2026-06-10 09:45:00,2854.0,2854.0,2846.0,2849.0,6333,297508.0,
AO,2026-06-10 10:00:00,2848.0,2868.0,2846.0,2860.0,31401,297736.0,
AO,2026-06-10 10:15:00,2865.0,2866.0,2851.0,2860.0,13198,295820.0,
AO,2026-06-10 10:45:00,2862.0,2881.0,2860.0,2876.0,34510,294409.0,
AO,2026-06-10 11:00:00,2876.0,2881.0,2868.0,2874.0,16942,293586.0,
AO,2026-06-10 11:15:00,2876.0,2887.0,2876.0,2884.0,24438,291309.0,
AO,2026-06-10 11:30:00,2885.0,2897.0,2883.0,2895.0,27845,289840.0,
AO,2026-06-10 13:45:00,2895.0,2907.0,2887.0,2888.0,38133,288368.0,
AO,2026-06-10 14:00:00,2889.0,2893.0,2883.0,2884.0,17805,286453.0,
AO,2026-06-10 14:15:00,2884.0,2894.0,2884.0,2893.0,11379,287606.0,
AO,2026-06-10 14:30:00,2894.0,2918.0,2891.0,2909.0,39865,290352.0,
AO,2026-06-10 14:45:00,2910.0,2921.0,2898.0,2909.0,13353,292009.0,
AO,2026-06-10 15:00:00,2908.0,2909.0,2888.0,2894.0,1741,286154.0,
AO,2026-06-10 21:15:00,2900.0,2925.0,2893.0,2916.0,65249,291576.0,
AO,2026-06-10 21:30:00,2915.0,2917.0,2896.0,2899.0,36374,289637.0,
AO,2026-06-10 21:45:00,2899.0,2903.0,2880.0,2882.0,45291,289686.0,
AO,2026-06-10 22:00:00,2881.0,2886.0,2865.0,2874.0,63644,290851.0,
AO,2026-06-10 22:15:00,2875.0,2886.0,2872.0,2883.0,24075,287577.0,
AO,2026-06-10 22:30:00,2883.0,2888.0,2881.0,2885.0,4012,287094.0,
AO,2026-06-10 22:45:00,2884.0,2889.0,2883.0,2885.0,10219,286685.0,
AO,2026-06-10 23:00:00,2885.0,2894.0,2882.0,2890.0,16381,288502.0,
AO,2026-06-10 23:15:00,2891.0,2892.0,2882.0,2885.0,11675,289567.0,
AO,2026-06-10 23:30:00,2885.0,2889.0,2884.0,2889.0,4364,289391.0,
AO,2026-06-10 23:45:00,2889.0,2891.0,2886.0,2887.0,4839,288809.0,
AO,2026-06-11 00:00:00,2887.0,2889.0,2886.0,2888.0,1437,288636.0,
AO,2026-06-11 00:15:00,2888.0,2889.0,2887.0,2888.0,1836,288096.0,
AO,2026-06-11 00:30:00,2888.0,2890.0,2887.0,2888.0,2453,288049.0,
AO,2026-06-11 00:45:00,2887.0,2888.0,2885.0,2886.0,1759,287622.0,
AO,2026-06-11 01:00:00,2886.0,2890.0,2886.0,2889.0,3296,286403.0,
AO,2026-06-11 09:15:00,2888.0,2892.0,2881.0,2889.0,15175,284206.0,
AO,2026-06-11 09:30:00,2889.0,2898.0,2886.0,2892.0,5466,284840.0,
AO,2026-06-11 09:45:00,2895.0,2895.0,2875.0,2879.0,17436,282081.0,
AO,2026-06-11 10:00:00,2879.0,2889.0,2879.0,2886.0,7672,281463.0,
AO,2026-06-11 10:15:00,2886.0,2888.0,2880.0,2884.0,7293,280380.0,
AO,2026-06-11 10:45:00,2883.0,2893.0,2883.0,2891.0,8500,279695.0,
AO,2026-06-11 11:00:00,2893.0,2906.0,2891.0,2901.0,17306,279922.0,
AO,2026-06-11 11:15:00,2901.0,2906.0,2895.0,2895.0,7004,279623.0,
AO,2026-06-11 11:30:00,2895.0,2906.0,2894.0,2901.0,9003,279132.0,
AO,2026-06-11 13:45:00,2902.0,2908.0,2895.0,2897.0,16649,279736.0,
AO,2026-06-11 14:00:00,2899.0,2904.0,2896.0,2904.0,6182,279909.0,
AO,2026-06-11 14:15:00,2906.0,2909.0,2899.0,2901.0,11240,279899.0,
AO,2026-06-11 14:30:00,2901.0,2905.0,2899.0,2901.0,13,279314.0,
AO,2026-06-11 14:45:00,2897.0,2903.0,2896.0,2899.0,7973,278614.0,
AO,2026-06-11 15:00:00,2899.0,2902.0,2896.0,2899.0,270,277349.0,
AO,2026-06-11 21:15:00,2900.0,2916.0,2886.0,2911.0,48908,281481.0,
AO,2026-06-11 21:30:00,2911.0,2940.0,2908.0,2922.0,75066,288126.0,
AO,2026-06-11 21:45:00,2922.0,2923.0,2912.0,2917.0,25273,288514.0,
AO,2026-06-11 22:00:00,2917.0,2928.0,2916.0,2925.0,21946,290027.0,
AO,2026-06-11 22:15:00,2926.0,2934.0,2921.0,2931.0,19267,291721.0,
AO,2026-06-11 22:30:00,2930.0,2938.0,2922.0,2924.0,10066,291426.0,
AO,2026-06-11 22:45:00,2925.0,2930.0,2922.0,2927.0,10976,291176.0,
AO,2026-06-11 23:00:00,2927.0,2928.0,2918.0,2921.0,10797,290042.0,
AO,2026-06-11 23:15:00,2921.0,2922.0,2915.0,2922.0,13071,291326.0,
AO,2026-06-11 23:30:00,2922.0,2923.0,2920.0,2923.0,3449,291026.0,
AO,2026-06-11 23:45:00,2923.0,2927.0,2920.0,2924.0,6261,291825.0,
AO,2026-06-12 00:00:00,2924.0,2925.0,2923.0,2924.0,1716,291508.0,
AO,2026-06-12 00:15:00,2924.0,2928.0,2924.0,2928.0,3697,291408.0,
AO,2026-06-12 00:30:00,2928.0,2930.0,2925.0,2925.0,4440,290755.0,
AO,2026-06-12 00:45:00,2925.0,2929.0,2924.0,2929.0,2323,290203.0,
AO,2026-06-12 01:00:00,2929.0,2929.0,2925.0,2926.0,4217,288015.0,
AO,2026-06-12 09:15:00,2926.0,2928.0,2906.0,2919.0,31140,283393.0,
AO,2026-06-12 09:30:00,2920.0,2921.0,2915.0,2917.0,3949,282826.0,
AO,2026-06-12 09:45:00,2917.0,2926.0,2915.0,2921.0,7747,283058.0,
AO,2026-06-12 10:00:00,2924.0,2929.0,2919.0,2927.0,7215,282898.0,
AO,2026-06-12 10:15:00,2926.0,2928.0,2919.0,2920.0,7158,282500.0,
AO,2026-06-12 10:45:00,2921.0,2932.0,2913.0,2925.0,11952,282970.0,
AO,2026-06-12 11:00:00,2925.0,2927.0,2923.0,2926.0,4683,282440.0,
AO,2026-06-12 11:15:00,2926.0,2930.0,2925.0,2928.0,3894,282385.0,
AO,2026-06-12 11:30:00,2932.0,2936.0,2927.0,2933.0,14963,284011.0,
AO,2026-06-12 13:45:00,2932.0,2935.0,2926.0,2933.0,12913,284052.0,
AO,2026-06-12 14:00:00,2935.0,2940.0,2928.0,2928.0,15142,285293.0,
AO,2026-06-12 14:15:00,2930.0,2932.0,2924.0,2926.0,12429,284126.0,
AO,2026-06-12 14:30:00,2926.0,2927.0,2918.0,2926.0,985,282097.0,
AO,2026-06-12 14:45:00,2924.0,2929.0,2924.0,2925.0,7139,281346.0,
AO,2026-06-12 15:00:00,2925.0,2925.0,2922.0,2923.0,2509,279614.0,
AO,2026-06-12 21:15:00,2924.0,2931.0,2908.0,2927.0,35444,282295.0,
AO,2026-06-12 21:30:00,2927.0,2931.0,2918.0,2928.0,16036,282794.0,
AO,2026-06-12 21:45:00,2929.0,2945.0,2928.0,2933.0,42217,289227.0,
AO,2026-06-12 22:00:00,2933.0,2945.0,2933.0,2941.0,15704,290706.0,
AO,2026-06-12 22:15:00,2941.0,2946.0,2936.0,2940.0,16420,291867.0,
AO,2026-06-12 22:30:00,2940.0,2940.0,2935.0,2936.0,3121,291049.0,
AO,2026-06-12 22:45:00,2936.0,2940.0,2930.0,2938.0,10251,291648.0,
AO,2026-06-12 23:00:00,2938.0,2940.0,2935.0,2939.0,6933,291761.0,
AO,2026-06-12 23:15:00,2939.0,2940.0,2934.0,2939.0,6861,293264.0,
AO,2026-06-12 23:30:00,2939.0,2939.0,2935.0,2939.0,4889,292744.0,
AO,2026-06-12 23:45:00,2939.0,2943.0,2938.0,2941.0,5822,293169.0,
AO,2026-06-13 00:15:00,2940.0,2944.0,2939.0,2944.0,2,293115.0,
AO,2026-06-13 00:30:00,2944.0,2944.0,2942.0,2942.0,2,292711.0,
AO,2026-06-13 00:45:00,2943.0,2946.0,2942.0,2943.0,6,292340.0,
AO,2026-06-13 01:00:00,2943.0,2947.0,2941.0,2947.0,33,290549.0,
AO,2026-06-15 00:00:00,2941.0,2947.0,2939.0,2947.0,15378,290548.0,
AO,2026-06-15 09:15:00,2948.0,2948.0,2925.0,2928.0,37344,288146.0,
AO,2026-06-15 09:30:00,2927.0,2937.0,2924.0,2934.0,5056,287939.0,
AO,2026-06-15 09:45:00,2934.0,2937.0,2929.0,2933.0,7457,287512.0,
AO,2026-06-15 10:00:00,2933.0,2935.0,2926.0,2929.0,7719,286496.0,
AO,2026-06-15 10:15:00,2929.0,2934.0,2906.0,2913.0,27024,284072.0,
AO,2026-06-15 10:45:00,2914.0,2917.0,2901.0,2917.0,21037,281637.0,
AO,2026-06-15 11:00:00,2917.0,2927.0,2917.0,2926.0,11886,280628.0,
AO,2026-06-15 11:15:00,2926.0,2932.0,2923.0,2923.0,9528,280850.0,
AO,2026-06-15 11:30:00,2923.0,2924.0,2919.0,2921.0,6552,280288.0,
AO,2026-06-15 13:45:00,2921.0,2922.0,2910.0,2911.0,18043,280484.0,
AO,2026-06-15 14:00:00,2914.0,2917.0,2906.0,2914.0,14256,279465.0,
AO,2026-06-15 14:15:00,2914.0,2916.0,2906.0,2909.0,7453,278938.0,
AO,2026-06-15 14:30:00,2911.0,2915.0,2908.0,2911.0,1032,278788.0,
AO,2026-06-15 14:45:00,2911.0,2911.0,2906.0,2908.0,6386,278234.0,
AO,2026-06-15 15:00:00,2907.0,2908.0,2907.0,2908.0,5,276633.0,
AO,2026-06-15 21:15:00,2906.0,2906.0,2873.0,2883.0,65051,276483.0,
AO,2026-06-15 21:30:00,2883.0,2888.0,2876.0,2883.0,20080,278602.0,
AO,2026-06-15 21:45:00,2883.0,2892.0,2880.0,2890.0,14779,279153.0,
AO,2026-06-15 22:00:00,2890.0,2893.0,2885.0,2889.0,8277,279656.0,
AO,2026-06-15 22:15:00,2890.0,2890.0,2880.0,2883.0,7411,279488.0,
AO,2026-06-15 22:30:00,2883.0,2885.0,2879.0,2883.0,1572,278957.0,
AO,2026-06-15 22:45:00,2883.0,2888.0,2882.0,2886.0,5851,279532.0,
AO,2026-06-15 23:00:00,2886.0,2889.0,2885.0,2886.0,4922,280118.0,
AO,2026-06-15 23:15:00,2886.0,2887.0,2885.0,2885.0,3157,280637.0,
AO,2026-06-15 23:30:00,2886.0,2887.0,2885.0,2886.0,1195,280605.0,
AO,2026-06-15 23:45:00,2887.0,2888.0,2886.0,2887.0,1234,280292.0,
AO,2026-06-16 00:00:00,2887.0,2887.0,2882.0,2882.0,2632,279692.0,
AO,2026-06-16 00:15:00,2882.0,2883.0,2882.0,2882.0,748,279519.0,
AO,2026-06-16 00:30:00,2882.0,2884.0,2882.0,2884.0,820,279192.0,
AO,2026-06-16 00:45:00,2884.0,2884.0,2883.0,2884.0,368,279028.0,
AO,2026-06-16 01:00:00,2884.0,2887.0,2883.0,2885.0,2688,277983.0,
AO,2026-06-16 09:15:00,2885.0,2895.0,2875.0,2882.0,20109,277182.0,
AO,2026-06-16 09:30:00,2882.0,2886.0,2871.0,2882.0,16113,276419.0,
AO,2026-06-16 09:45:00,2882.0,2889.0,2879.0,2888.0,7851,275748.0,
AO,2026-06-16 10:00:00,2888.0,2895.0,2885.0,2892.0,6491,276157.0,
AO,2026-06-16 10:15:00,2891.0,2899.0,2891.0,2894.0,7942,275677.0,
AO,2026-06-16 10:45:00,2894.0,2895.0,2889.0,2892.0,6917,276110.0,
AO,2026-06-16 11:00:00,2890.0,2892.0,2885.0,2890.0,4931,275282.0,
AO,2026-06-16 11:15:00,2890.0,2892.0,2888.0,2889.0,3470,275207.0,
AO,2026-06-16 11:30:00,2889.0,2920.0,2889.0,2913.0,28333,275615.0,
AO,2026-06-16 13:45:00,2914.0,2920.0,2905.0,2915.0,6795,277424.0,
AO,2026-06-16 14:00:00,2922.0,2923.0,2913.0,2917.0,15461,278289.0,
AO,2026-06-16 14:15:00,2915.0,2921.0,2912.0,2918.0,9886,279487.0,
AO,2026-06-16 14:30:00,2918.0,2919.0,2895.0,2903.0,23909,274866.0,
AO,2026-06-16 14:45:00,2904.0,2907.0,2902.0,2906.0,7348,274537.0,
AO,2026-06-16 15:00:00,2904.0,2913.0,2902.0,2907.0,9462,272998.0,
AO,2026-06-16 21:15:00,2912.0,2940.0,2906.0,2919.0,61241,280449.0,
AO,2026-06-16 21:30:00,2919.0,2922.0,2904.0,2909.0,29406,281086.0,
AO,2026-06-16 21:45:00,2908.0,2909.0,2896.0,2908.0,21290,280546.0,
AO,2026-06-16 22:00:00,2908.0,2913.0,2906.0,2913.0,10785,280190.0,
AO,2026-06-16 22:15:00,2913.0,2916.0,2911.0,2914.0,8395,280560.0,
AO,2026-06-16 22:30:00,2914.0,2914.0,2907.0,2907.0,1783,279147.0,
AO,2026-06-16 22:45:00,2907.0,2911.0,2907.0,2908.0,4744,278489.0,
AO,2026-06-16 23:00:00,2908.0,2912.0,2905.0,2912.0,6876,279586.0,
AO,2026-06-16 23:15:00,2912.0,2914.0,2910.0,2912.0,7328,281981.0,
AO,2026-06-16 23:30:00,2911.0,2913.0,2910.0,2912.0,2651,281263.0,
AO,2026-06-16 23:45:00,2912.0,2913.0,2909.0,2909.0,2104,281029.0,
AO,2026-06-17 00:00:00,2909.0,2912.0,2909.0,2911.0,90,280768.0,
AO,2026-06-17 00:15:00,2911.0,2915.0,2910.0,2914.0,2678,280427.0,
AO,2026-06-17 00:30:00,2914.0,2915.0,2912.0,2913.0,845,280319.0,
AO,2026-06-17 00:45:00,2913.0,2914.0,2912.0,2913.0,1014,279977.0,
AO,2026-06-17 01:00:00,2913.0,2916.0,2912.0,2914.0,2808,278543.0,
AO,2026-06-17 09:15:00,2914.0,2914.0,2903.0,2904.0,13480,277365.0,
AO,2026-06-17 09:30:00,2904.0,2911.0,2898.0,2909.0,12092,277803.0,
AO,2026-06-17 09:45:00,2909.0,2910.0,2883.0,2887.0,6211,275833.0,
AO,2026-06-17 10:00:00,2884.0,2890.0,2881.0,2886.0,17143,277047.0,
AO,2026-06-17 10:15:00,2889.0,2891.0,2882.0,2889.0,8445,276233.0,
AO,2026-06-17 10:45:00,2889.0,2892.0,2884.0,2887.0,5804,275684.0,
AO,2026-06-17 11:00:00,2887.0,2892.0,2881.0,2884.0,6351,275930.0,
AO,2026-06-17 11:15:00,2884.0,2890.0,2883.0,2886.0,5335,275531.0,
AO,2026-06-17 11:30:00,2888.0,2891.0,2884.0,2890.0,2367,274787.0,
AO,2026-06-17 13:45:00,2890.0,2909.0,2886.0,2906.0,21494,275726.0,
AO,2026-06-17 14:00:00,2904.0,2914.0,2900.0,2909.0,21288,279462.0,
AO,2026-06-17 14:15:00,2907.0,2910.0,2903.0,2904.0,7432,279629.0,
AO,2026-06-17 14:30:00,2906.0,2909.0,2903.0,2908.0,5153,279642.0,
AO,2026-06-17 14:45:00,2908.0,2922.0,2906.0,2910.0,19593,281021.0,
AO,2026-06-17 15:00:00,2910.0,2915.0,2902.0,2914.0,3616,280005.0,
AO,2026-06-17 21:15:00,2905.0,2922.0,2897.0,2918.0,43150,290429.0,
AO,2026-06-17 21:30:00,2918.0,2930.0,2914.0,2923.0,33973,295339.0,
AO,2026-06-17 21:45:00,2923.0,2925.0,2918.0,2923.0,13227,295297.0,
AO,2026-06-17 22:00:00,2923.0,2925.0,2916.0,2919.0,10,295376.0,
AO,2026-06-17 22:15:00,2920.0,2927.0,2916.0,2922.0,33,296743.0,
AO,2026-06-17 22:30:00,2922.0,2923.0,2919.0,2922.0,2,296753.0,
AO,2026-06-17 22:45:00,2922.0,2927.0,2921.0,2927.0,26,298034.0,
AO,2026-06-17 23:00:00,2926.0,2927.0,2922.0,2923.0,1214,298959.0,
AO,2026-06-17 23:15:00,2924.0,2924.0,2920.0,2922.0,16,299627.0,
AO,2026-06-17 23:30:00,2922.0,2926.0,2921.0,2924.0,31,300341.0,
AO,2026-06-17 23:45:00,2925.0,2926.0,2923.0,2926.0,5,300476.0,
AO,2026-06-18 00:00:00,2926.0,2926.0,2923.0,2923.0,1,300321.0,
AO,2026-06-18 00:15:00,2923.0,2925.0,2921.0,2922.0,3,299580.0,
AO,2026-06-18 00:30:00,2922.0,2923.0,2919.0,2921.0,2,299110.0,
AO,2026-06-18 00:45:00,2921.0,2922.0,2920.0,2921.0,7,298787.0,
AO,2026-06-18 01:00:00,2921.0,2923.0,2920.0,2922.0,103,298143.0,
AO,2026-06-18 09:15:00,2919.0,2936.0,2905.0,2932.0,165,301148.0,
AO,2026-06-18 09:30:00,2931.0,2932.0,2921.0,2928.0,403,299637.0,
AO,2026-06-18 09:45:00,2927.0,2930.0,2915.0,2916.0,22,298358.0,
AO,2026-06-18 10:00:00,2916.0,2917.0,2906.0,2909.0,363,290393.0,
AO,2026-06-18 10:15:00,2908.0,2915.0,2906.0,2910.0,1453,289975.0,
AO,2026-06-18 10:45:00,2910.0,2914.0,2909.0,2912.0,348,289665.0,
AO,2026-06-18 11:00:00,2907.0,2908.0,2894.0,2901.0,21,290037.0,
AO,2026-06-18 11:15:00,2900.0,2904.0,2892.0,2900.0,727,288843.0,
AO,2026-06-18 11:30:00,2898.0,2899.0,2890.0,2897.0,1366,287225.0,
AO,2026-06-18 13:45:00,2899.0,2906.0,2890.0,2906.0,178,286908.0,
AO,2026-06-18 14:00:00,2905.0,2906.0,2892.0,2893.0,2149,286793.0,
AO,2026-06-18 14:15:00,2897.0,2898.0,2890.0,2892.0,27,286465.0,
AO,2026-06-18 14:30:00,2893.0,2898.0,2886.0,2895.0,34,284604.0,
AO,2026-06-18 14:45:00,2895.0,2904.0,2893.0,2904.0,4977,281059.0,
AO,2026-06-18 15:00:00,2904.0,2906.0,2898.0,2898.0,254,275843.0,
