datetime,open,high,low,close,volume,hold,open_interest
2026-04-30 14:15:00,1009.26,1010.18,1008.82,1010.0,1040,154376.0,
2026-04-30 14:30:00,1009.94,1010.86,1009.4,1010.58,3508,154106.0,
2026-04-30 14:45:00,1010.58,1012.5,1010.58,1012.16,5253,154121.0,
2026-04-30 15:00:00,1012.16,1016.32,1012.08,1016.12,195,153650.0,
2026-05-06 09:15:00,1018.82,1019.82,1015.88,1016.32,11379,154048.0,
2026-05-06 09:30:00,1016.32,1019.86,1016.1,1019.68,7418,154209.0,
2026-05-06 09:45:00,1019.68,1020.32,1019.1,1019.46,6079,154546.0,
2026-05-06 10:00:00,1019.94,1020.38,1019.18,1019.58,4247,154464.0,
2026-05-06 10:15:00,1020.02,1021.3,1019.42,1021.0,4719,154616.0,
2026-05-06 10:45:00,1020.68,1021.36,1019.76,1021.3,700,155119.0,
2026-05-06 11:00:00,1021.3,1022.9,1021.14,1022.82,4353,155361.0,
2026-05-06 11:15:00,1022.6,1024.78,1022.4,1024.34,5600,155065.0,
2026-05-06 11:30:00,1024.3,1025.14,1023.7,1023.96,5184,155223.0,
2026-05-06 13:45:00,1024.12,1025.22,1023.46,1024.48,6197,155159.0,
2026-05-06 14:00:00,1024.42,1027.48,1024.34,1027.2,6658,155630.0,
2026-05-06 14:15:00,1027.2,1027.96,1026.22,1027.02,2808,155376.0,
2026-05-06 14:30:00,1027.02,1028.08,1026.3,1027.88,5123,155504.0,
2026-05-06 14:45:00,1028.2,1028.48,1027.06,1027.82,6821,154732.0,
2026-05-06 15:00:00,1028.1,1028.48,1027.7,1028.48,4900,154376.0,
2026-05-06 21:15:00,1030.8,1033.58,1028.74,1031.5,16436,155982.0,
2026-05-06 21:30:00,1031.54,1032.92,1030.82,1031.98,6803,156287.0,
2026-05-06 21:45:00,1031.78,1034.94,1031.08,1034.1,9626,156571.0,
2026-05-06 22:00:00,1034.04,1036.6,1033.64,1035.58,9163,157102.0,
2026-05-06 22:15:00,1035.58,1037.86,1035.2,1037.5,8933,157328.0,
2026-05-06 22:30:00,1037.56,1038.82,1036.3,1036.5,3150,157449.0,
2026-05-06 22:45:00,1036.44,1037.9,1036.08,1037.72,6196,157562.0,
2026-05-06 23:00:00,1037.72,1037.84,1035.42,1035.74,6596,157879.0,
2026-05-06 23:15:00,1035.74,1036.38,1033.98,1034.54,5499,157550.0,
2026-05-06 23:30:00,1034.52,1035.82,1034.2,1034.38,3788,157599.0,
2026-05-06 23:45:00,1034.36,1034.68,1032.68,1033.46,3676,157581.0,
2026-05-07 00:00:00,1033.62,1034.14,1032.76,1032.76,2495,157425.0,
2026-05-07 00:15:00,1032.74,1032.96,1031.6,1031.9,4000,157500.0,
2026-05-07 00:30:00,1031.9,1032.8,1031.78,1032.76,2602,157348.0,
2026-05-07 00:45:00,1032.8,1033.56,1032.3,1033.12,2496,157223.0,
2026-05-07 01:00:00,1033.08,1033.3,1031.22,1031.94,2334,157203.0,
2026-05-07 01:15:00,1031.84,1032.84,1031.38,1032.34,274,157301.0,
2026-05-07 01:30:00,1032.4,1032.42,1031.2,1031.7,1546,157270.0,
2026-05-07 01:45:00,1031.7,1031.76,1031.04,1031.36,1177,157200.0,
2026-05-07 02:00:00,1031.36,1032.14,1031.32,1032.04,1063,157169.0,
2026-05-07 02:15:00,1032.04,1032.66,1031.74,1032.56,1108,157248.0,
2026-05-07 02:30:00,1032.56,1033.2,1032.5,1032.9,1274,157080.0,
2026-05-07 09:15:00,1032.26,1037.12,1031.68,1036.82,9991,157011.0,
2026-05-07 09:30:00,1036.8,1038.06,1035.02,1035.26,2429,156831.0,
2026-05-07 09:45:00,1035.12,1037.08,1034.74,1036.1,6074,157162.0,
2026-05-07 10:00:00,1036.22,1037.88,1036.1,1036.64,5131,157190.0,
2026-05-07 10:15:00,1036.62,1037.44,1034.52,1034.64,4611,156901.0,
2026-05-07 10:45:00,1034.44,1034.94,1033.6,1034.76,4083,156868.0,
2026-05-07 11:00:00,1034.76,1035.68,1034.46,1035.04,2736,156752.0,
2026-05-07 11:15:00,1035.04,1035.52,1034.42,1034.7,2092,156667.0,
2026-05-07 11:30:00,1034.66,1035.2,1034.3,1034.3,1834,156545.0,
2026-05-07 13:45:00,1033.0,1035.0,1032.88,1034.4,1260,156555.0,
2026-05-07 14:00:00,1034.34,1034.8,1033.66,1033.74,3106,156484.0,
2026-05-07 14:15:00,1033.68,1035.82,1033.66,1035.44,3794,156348.0,
2026-05-07 14:30:00,1035.44,1037.2,1035.34,1037.12,4850,156238.0,
2026-05-07 14:45:00,1037.14,1043.5,1036.86,1042.86,16358,157197.0,
2026-05-07 15:00:00,1042.84,1042.84,1040.48,1040.98,43,157027.0,
2026-05-07 21:15:00,1043.12,1043.12,1039.7,1040.18,11866,157588.0,
2026-05-07 21:30:00,1040.18,1042.5,1039.62,1042.3,5694,157570.0,
2026-05-07 21:45:00,1042.26,1044.96,1041.88,1043.1,10175,158084.0,
2026-05-07 22:00:00,1043.08,1043.28,1040.94,1042.66,9069,158076.0,
2026-05-07 22:15:00,1042.8,1044.44,1041.86,1044.02,6875,158183.0,
2026-05-07 22:30:00,1044.1,1045.3,1042.02,1044.72,3174,158512.0,
2026-05-07 22:45:00,1044.7,1045.14,1043.12,1043.92,6183,158390.0,
2026-05-07 23:00:00,1043.92,1046.2,1043.8,1045.98,5898,158821.0,
2026-05-07 23:15:00,1045.98,1046.3,1044.1,1044.1,5778,158546.0,
2026-05-07 23:30:00,1044.08,1044.46,1040.92,1041.56,8173,158459.0,
2026-05-07 23:45:00,1041.6,1042.8,1041.36,1041.4,4538,158405.0,
2026-05-08 00:00:00,1041.4,1041.46,1039.02,1039.5,5984,158377.0,
2026-05-08 00:15:00,1039.56,1039.56,1036.42,1036.84,7999,158322.0,
2026-05-08 00:30:00,1036.84,1038.34,1034.56,1037.66,9111,158221.0,
2026-05-08 00:45:00,1037.66,1037.86,1035.84,1036.16,3963,158153.0,
2026-05-08 01:00:00,1036.1,1037.64,1036.0,1036.94,3323,158194.0,
2026-05-08 01:15:00,1036.94,1038.02,1036.54,1037.0,878,158332.0,
2026-05-08 01:30:00,1037.0,1037.6,1031.4,1034.0,9414,158425.0,
2026-05-08 01:45:00,1033.74,1034.94,1032.66,1033.78,5231,158230.0,
2026-05-08 02:00:00,1033.8,1036.38,1033.58,1036.26,3403,157892.0,
2026-05-08 02:15:00,1036.26,1036.46,1035.2,1035.48,2324,158070.0,
2026-05-08 02:30:00,1035.48,1036.98,1034.88,1036.58,1970,157885.0,
2026-05-08 09:15:00,1034.1,1038.16,1034.1,1036.92,2699,158125.0,
2026-05-08 09:30:00,1036.92,1037.64,1036.4,1036.66,3394,158187.0,
2026-05-08 09:45:00,1036.58,1036.9,1035.18,1036.0,4761,157689.0,
2026-05-08 10:00:00,1036.0,1038.8,1036.0,1037.96,5621,157510.0,
2026-05-08 10:15:00,1037.96,1039.88,1037.72,1038.3,5416,157402.0,
2026-05-08 10:45:00,1038.0,1038.28,1035.08,1035.66,279,156992.0,
2026-05-08 11:00:00,1035.76,1037.0,1035.22,1036.0,14,157011.0,
2026-05-08 11:15:00,1036.34,1037.36,1036.34,1037.28,308,157082.0,
2026-05-08 11:30:00,1037.28,1037.82,1036.86,1037.3,93,157008.0,
2026-05-08 13:45:00,1037.3,1038.72,1037.3,1037.78,665,157154.0,
2026-05-08 14:00:00,1037.78,1039.24,1037.52,1038.64,47,157236.0,
2026-05-08 14:15:00,1037.18,1038.16,1035.68,1037.44,419,156801.0,
2026-05-08 14:30:00,1037.48,1039.6,1037.22,1039.44,339,156831.0,
2026-05-08 14:45:00,1038.54,1039.08,1038.48,1038.78,108,156549.0,
2026-05-08 15:00:00,1038.14,1038.42,1037.2,1038.22,676,156036.0,
2026-05-08 21:15:00,1037.98,1038.8,1035.8,1036.58,9162,156563.0,
2026-05-08 21:30:00,1036.58,1038.22,1036.56,1038.1,4646,156561.0,
2026-05-08 21:45:00,1038.1,1041.44,1038.08,1040.14,11338,157542.0,
2026-05-08 22:00:00,1040.14,1042.3,1039.6,1042.24,7317,158052.0,
2026-05-08 22:15:00,1042.18,1042.5,1036.34,1038.5,67,157923.0,
2026-05-08 22:30:00,1038.58,1038.98,1036.02,1036.22,51,158063.0,
2026-05-08 22:45:00,1036.0,1037.4,1035.12,1036.82,9,158140.0,
2026-05-08 23:00:00,1036.82,1037.2,1034.7,1035.36,33,158215.0,
2026-05-08 23:15:00,1035.36,1036.18,1033.2,1033.44,31,158300.0,
2026-05-08 23:30:00,1033.5,1034.58,1032.86,1034.58,46,157794.0,
2026-05-08 23:45:00,1034.52,1034.98,1033.0,1033.32,34,157639.0,
2026-05-09 00:15:00,1033.24,1034.46,1032.94,1034.24,22,157050.0,
2026-05-09 00:30:00,1034.26,1035.38,1034.24,1035.38,40,156928.0,
2026-05-09 00:45:00,1035.38,1035.86,1034.58,1034.6,5,156904.0,
2026-05-09 01:00:00,1034.52,1035.14,1034.0,1034.32,4,156889.0,
2026-05-09 01:15:00,1034.28,1035.08,1034.24,1035.04,19,156804.0,
2026-05-09 01:30:00,1035.0,1036.3,1035.0,1036.08,3,156780.0,
2026-05-09 01:45:00,1036.06,1036.56,1035.9,1036.3,33,156783.0,
2026-05-09 02:00:00,1036.32,1036.66,1035.84,1036.28,3,156778.0,
2026-05-09 02:15:00,1036.28,1037.72,1036.12,1037.52,14,156664.0,
2026-05-09 02:30:00,1037.52,1037.84,1036.86,1037.2,11,156324.0,
2026-05-11 00:00:00,1033.26,1034.0,1032.2,1033.2,31,157169.0,
2026-05-11 09:15:00,1028.0,1031.82,1025.62,1030.12,28315,155619.0,
2026-05-11 09:30:00,1030.16,1032.76,1029.52,1031.42,4456,155143.0,
2026-05-11 09:45:00,1031.42,1031.68,1029.62,1030.36,5873,154658.0,
2026-05-11 10:00:00,1030.32,1031.06,1027.5,1028.7,6219,154454.0,
2026-05-11 10:15:00,1028.68,1030.1,1027.24,1028.44,6196,154529.0,
2026-05-11 10:45:00,1028.64,1031.6,1028.44,1028.8,7100,154407.0,
2026-05-11 11:00:00,1028.84,1029.88,1026.48,1027.36,8699,154747.0,
2026-05-11 11:15:00,1027.26,1029.08,1026.04,1028.68,4500,154356.0,
2026-05-11 11:30:00,1028.68,1029.6,1027.92,1029.42,3337,154074.0,
2026-05-11 13:45:00,1025.6,1029.42,1023.46,1023.7,3827,154614.0,
2026-05-11 14:00:00,1023.78,1024.12,1020.16,1021.3,12038,154007.0,
2026-05-11 14:15:00,1021.34,1024.36,1020.82,1023.96,5981,153820.0,
2026-05-11 14:30:00,1023.92,1025.16,1023.92,1024.52,399,153766.0,
2026-05-11 14:45:00,1024.42,1026.58,1024.42,1026.2,4784,153206.0,
2026-05-11 15:00:00,1026.2,1027.22,1025.46,1026.8,140,152539.0,
2026-05-11 21:15:00,1031.68,1035.7,1031.3,1035.6,15884,153559.0,
2026-05-11 21:30:00,1035.62,1038.4,1035.5,1036.82,12498,153861.0,
2026-05-11 21:45:00,1036.82,1039.92,1036.82,1039.52,10220,154704.0,
2026-05-11 22:00:00,1039.46,1040.3,1037.24,1037.76,257,154746.0,
2026-05-11 22:15:00,1037.76,1038.08,1034.68,1036.76,39,153588.0,
2026-05-11 22:30:00,1036.72,1037.2,1035.6,1035.6,46,153654.0,
2026-05-11 22:45:00,1035.6,1037.2,1033.96,1037.0,5,153359.0,
2026-05-11 23:00:00,1036.98,1037.2,1035.56,1035.94,2,153185.0,
2026-05-11 23:15:00,1035.96,1036.92,1035.28,1036.36,10,152986.0,
2026-05-11 23:30:00,1036.46,1038.18,1036.18,1037.18,4,153141.0,
2026-05-11 23:45:00,1037.24,1037.68,1036.08,1036.26,101,152866.0,
2026-05-12 00:00:00,1036.18,1037.18,1035.74,1037.08,46,152904.0,
2026-05-12 00:15:00,1037.08,1037.52,1036.22,1036.32,6,152868.0,
2026-05-12 00:30:00,1036.32,1036.4,1035.1,1035.46,4,152793.0,
2026-05-12 00:45:00,1035.46,1035.92,1032.66,1033.12,9,152601.0,
2026-05-12 01:00:00,1033.12,1034.32,1032.68,1034.16,23,152485.0,
2026-05-12 01:15:00,1034.16,1034.84,1034.08,1034.48,8,152371.0,
2026-05-12 01:30:00,1034.48,1035.3,1034.2,1034.66,6,152248.0,
2026-05-12 01:45:00,1034.66,1035.6,1034.6,1035.44,8,152208.0,
2026-05-12 02:00:00,1035.44,1035.6,1035.14,1035.48,2,152265.0,
2026-05-12 02:15:00,1035.5,1036.0,1035.28,1035.48,6,152296.0,
2026-05-12 02:30:00,1035.48,1036.6,1035.12,1036.44,26,152147.0,
2026-05-12 09:15:00,1041.06,1042.9,1039.86,1040.76,375,152162.0,
2026-05-12 09:30:00,1040.76,1041.82,1038.18,1038.52,608,151406.0,
2026-05-12 09:45:00,1037.56,1037.82,1035.52,1037.28,2741,151112.0,
2026-05-12 10:00:00,1037.3,1037.5,1036.06,1036.68,45,151162.0,
2026-05-12 10:15:00,1036.68,1037.66,1036.22,1037.34,48,151057.0,
2026-05-12 10:45:00,1036.48,1037.14,1035.14,1037.08,18,150663.0,
2026-05-12 11:00:00,1037.14,1037.8,1036.76,1037.1,467,150551.0,
2026-05-12 11:15:00,1037.06,1037.54,1036.38,1037.26,723,150156.0,
2026-05-12 11:30:00,1035.84,1036.2,1035.3,1035.52,1,149881.0,
2026-05-12 13:45:00,1034.0,1035.7,1033.1,1033.84,131,149639.0,
2026-05-12 14:00:00,1033.84,1034.6,1033.12,1033.74,56,149063.0,
2026-05-12 14:15:00,1032.46,1032.96,1031.42,1031.96,6,148660.0,
2026-05-12 14:30:00,1031.94,1032.46,1029.86,1030.18,85,147964.0,
2026-05-12 14:45:00,1031.52,1031.88,1030.42,1031.32,19,147129.0,
2026-05-12 15:00:00,1030.48,1030.52,1029.68,1030.12,123,146394.0,
2026-05-12 21:15:00,1032.0,1032.72,1028.12,1028.44,9894,146605.0,
2026-05-12 21:30:00,1028.44,1029.7,1026.3,1028.72,9130,146904.0,
2026-05-12 21:45:00,1028.72,1030.94,1027.46,1030.44,7943,146896.0,
2026-05-12 22:00:00,1030.44,1030.88,1026.12,1026.6,7414,146846.0,
2026-05-12 22:15:00,1026.66,1029.62,1026.14,1029.16,7180,146581.0,
2026-05-12 22:30:00,1029.2,1029.38,1027.26,1027.4,1700,146521.0,
2026-05-12 22:45:00,1027.4,1028.24,1025.04,1027.88,7015,146531.0,
2026-05-12 23:00:00,1027.86,1027.86,1024.58,1025.22,6436,146789.0,
2026-05-12 23:15:00,1025.22,1025.82,1023.46,1023.5,7123,147022.0,
2026-05-12 23:30:00,1023.5,1023.9,1018.04,1022.34,15866,147772.0,
2026-05-12 23:45:00,1022.32,1024.5,1021.66,1024.1,6403,147459.0,
2026-05-13 00:00:00,1024.1,1025.24,1023.92,1024.38,2896,147275.0,
2026-05-13 00:15:00,1024.38,1025.68,1024.0,1025.4,3014,147115.0,
2026-05-13 00:30:00,1025.4,1026.0,1024.36,1024.72,2587,147010.0,
2026-05-13 00:45:00,1024.72,1025.38,1024.2,1025.02,1660,146918.0,
2026-05-13 01:00:00,1025.02,1026.1,1024.54,1025.46,1964,146780.0,
2026-05-13 01:15:00,1025.46,1026.98,1025.46,1026.26,908,146438.0,
2026-05-13 01:30:00,1026.26,1027.3,1026.26,1026.72,1949,146262.0,
2026-05-13 01:45:00,1026.72,1026.92,1026.16,1026.76,1296,146231.0,
2026-05-13 02:00:00,1026.76,1026.86,1026.24,1026.52,860,146144.0,
2026-05-13 02:15:00,1026.46,1027.68,1026.2,1027.08,1643,146013.0,
2026-05-13 02:30:00,1027.08,1028.32,1026.28,1026.28,1405,145676.0,
2026-05-13 09:15:00,1033.62,1034.18,1027.1,1032.34,13664,144455.0,
2026-05-13 09:30:00,1032.36,1032.54,1030.86,1031.1,4564,144124.0,
2026-05-13 09:45:00,1031.04,1032.46,1030.46,1032.04,4710,143427.0,
2026-05-13 10:00:00,1032.06,1032.36,1030.52,1030.82,2873,143271.0,
2026-05-13 10:15:00,1030.82,1031.84,1030.12,1030.56,3307,143123.0,
2026-05-13 10:45:00,1030.4,1030.56,1028.8,1028.96,4326,143655.0,
2026-05-13 11:00:00,1028.96,1029.26,1027.18,1028.34,4186,143425.0,
2026-05-13 11:15:00,1028.26,1028.8,1027.64,1028.5,3194,143263.0,
2026-05-13 11:30:00,1028.56,1030.4,1028.3,1030.32,1214,142734.0,
2026-05-13 13:45:00,1030.08,1030.72,1028.44,1029.4,5136,142673.0,
2026-05-13 14:00:00,1029.5,1031.1,1029.2,1030.82,33,142550.0,
2026-05-13 14:15:00,1030.84,1032.7,1030.68,1032.58,600,142493.0,
2026-05-13 14:30:00,1032.48,1033.54,1031.56,1031.84,1120,142184.0,
2026-05-13 14:45:00,1031.8,1032.88,1031.56,1032.46,43,142111.0,
2026-05-13 15:00:00,1032.54,1032.64,1030.56,1030.56,965,141285.0,
2026-05-13 21:15:00,1026.96,1028.58,1026.76,1028.36,8647,141791.0,
2026-05-13 21:30:00,1028.36,1029.38,1027.74,1028.12,4995,142026.0,
2026-05-13 21:45:00,1028.0,1028.5,1024.7,1025.84,9465,142501.0,
2026-05-13 22:00:00,1025.88,1026.7,1024.1,1026.0,6984,142430.0,
2026-05-13 22:15:00,1026.0,1026.8,1024.82,1026.56,5849,142391.0,
2026-05-13 22:30:00,1026.56,1027.16,1024.74,1027.02,2500,142444.0,
2026-05-13 22:45:00,1027.02,1028.34,1026.74,1026.92,5037,142462.0,
2026-05-13 23:00:00,1026.86,1027.14,1025.68,1025.94,4544,142689.0,
2026-05-13 23:15:00,1025.9,1028.06,1025.78,1027.52,4269,142826.0,
2026-05-13 23:30:00,1027.6,1028.52,1027.02,1028.42,2622,142885.0,
2026-05-13 23:45:00,1028.42,1030.38,1027.74,1030.26,4303,143242.0,
2026-05-14 00:00:00,1030.26,1030.28,1029.24,1029.48,2464,143250.0,
2026-05-14 00:15:00,1029.48,1030.88,1029.42,1030.72,3182,143058.0,
2026-05-14 00:30:00,1030.74,1032.44,1029.82,1031.8,4804,142999.0,
2026-05-14 00:45:00,1031.86,1031.94,1030.32,1030.46,3120,142989.0,
2026-05-14 01:00:00,1030.46,1030.74,1029.4,1029.58,2057,142946.0,
2026-05-14 01:15:00,1029.64,1030.64,1029.56,1030.46,253,142818.0,
2026-05-14 01:30:00,1030.46,1030.64,1029.8,1030.12,1258,142806.0,
2026-05-14 01:45:00,1030.12,1030.12,1028.52,1028.84,2946,143004.0,
2026-05-14 02:00:00,1028.84,1029.44,1027.48,1027.68,2151,142892.0,
2026-05-14 02:15:00,1027.68,1028.9,1027.46,1028.9,1470,142926.0,
2026-05-14 02:30:00,1028.9,1029.2,1028.3,1029.2,1150,142884.0,
2026-05-14 09:15:00,1031.12,1031.52,1026.52,1027.52,11033,142200.0,
2026-05-14 09:30:00,1027.88,1028.42,1026.6,1027.9,3866,141703.0,
2026-05-14 09:45:00,1027.9,1028.3,1025.98,1027.14,5889,141460.0,
2026-05-14 10:00:00,1027.14,1028.76,1026.3,1027.42,5424,141235.0,
2026-05-14 10:15:00,1027.42,1028.54,1026.94,1027.28,3322,141076.0,
2026-05-14 10:45:00,1027.8,1029.4,1027.0,1027.38,5291,141041.0,
2026-05-14 11:00:00,1027.38,1027.84,1025.5,1026.44,5955,140701.0,
2026-05-14 11:15:00,1026.44,1027.24,1025.5,1025.8,3359,140640.0,
2026-05-14 11:30:00,1025.78,1027.86,1025.58,1027.66,3289,140317.0,
2026-05-14 13:45:00,1027.98,1029.78,1027.66,1028.88,5795,140225.0,
2026-05-14 14:00:00,1028.9,1030.0,1027.16,1027.34,2913,139409.0,
2026-05-14 14:15:00,1027.18,1027.82,1026.24,1026.46,3,139210.0,
2026-05-14 14:30:00,1026.46,1027.68,1026.16,1027.36,804,138882.0,
2026-05-14 14:45:00,1027.36,1028.84,1027.14,1028.76,29,138971.0,
2026-05-14 15:00:00,1028.7,1029.6,1028.16,1029.6,662,138738.0,
2026-05-14 21:15:00,1030.4,1031.2,1028.44,1030.4,7223,139189.0,
2026-05-14 21:30:00,1030.4,1030.46,1026.72,1026.72,7606,139006.0,
2026-05-14 21:45:00,1026.74,1026.98,1022.3,1024.2,13007,139267.0,
2026-05-14 22:00:00,1024.18,1027.08,1024.06,1024.66,9097,139256.0,
2026-05-14 22:15:00,1024.76,1027.22,1024.42,1026.68,6748,138884.0,
2026-05-14 22:30:00,1026.76,1029.06,1026.58,1027.34,2493,138839.0,
2026-05-14 22:45:00,1027.3,1027.48,1026.1,1026.22,3619,138687.0,
2026-05-14 23:00:00,1026.26,1026.9,1024.64,1024.68,3862,138773.0,
2026-05-14 23:15:00,1024.68,1026.26,1024.12,1025.9,4588,138849.0,
2026-05-14 23:30:00,1025.9,1027.22,1025.8,1026.34,3020,138749.0,
2026-05-14 23:45:00,1026.36,1027.02,1025.4,1025.78,2222,138573.0,
2026-05-15 00:00:00,1025.8,1026.4,1025.32,1026.18,1723,138582.0,
2026-05-15 00:15:00,1026.14,1026.42,1023.88,1024.68,4059,138844.0,
2026-05-15 00:30:00,1024.68,1025.14,1024.18,1024.5,1696,138776.0,
2026-05-15 00:45:00,1024.5,1024.7,1023.16,1024.12,2869,138857.0,
2026-05-15 01:00:00,1024.16,1024.96,1023.16,1024.86,1637,138743.0,
2026-05-15 01:15:00,1024.82,1025.8,1024.82,1024.88,208,138568.0,
2026-05-15 01:30:00,1024.82,1025.7,1024.6,1024.74,1204,138506.0,
2026-05-15 01:45:00,1024.68,1025.66,1024.3,1025.5,1105,138446.0,
2026-05-15 02:00:00,1025.5,1025.54,1024.82,1024.9,785,138464.0,
2026-05-15 02:15:00,1024.9,1024.96,1022.92,1023.86,2689,138604.0,
2026-05-15 02:30:00,1023.86,1024.5,1023.72,1024.48,1507,138601.0,
2026-05-15 09:15:00,1015.2,1024.48,1010.3,1012.14,24664,138788.0,
2026-05-15 09:30:00,1012.16,1014.92,1010.7,1010.98,9083,137641.0,
2026-05-15 09:45:00,1012.12,1014.06,1010.8,1014.02,7159,136830.0,
2026-05-15 10:00:00,1012.62,1014.48,1010.86,1012.22,7683,136259.0,
2026-05-15 10:15:00,1012.42,1013.8,1011.6,1012.68,5014,135506.0,
2026-05-15 10:45:00,1012.3,1013.34,1011.6,1013.34,4819,135182.0,
2026-05-15 11:00:00,1013.48,1014.44,1012.14,1013.4,4773,134682.0,
2026-05-15 11:15:00,1013.4,1014.36,1012.64,1013.44,3977,134315.0,
2026-05-15 11:30:00,1011.94,1013.6,1011.6,1012.06,4272,134028.0,
2026-05-15 13:45:00,1008.0,1012.06,1001.64,1003.12,4812,133547.0,
2026-05-15 14:00:00,1003.12,1004.52,1001.36,1001.78,2294,131580.0,
2026-05-15 14:15:00,1002.2,1004.38,1002.0,1003.78,2067,130204.0,
2026-05-15 14:30:00,1003.84,1005.94,1003.74,1005.34,80,129078.0,
2026-05-15 14:45:00,1005.66,1006.12,1003.56,1003.68,55,128282.0,
2026-05-15 15:00:00,1003.66,1004.74,1002.92,1004.38,90,127211.0,
2026-05-15 21:15:00,999.62,1000.76,997.5,999.94,15859,126987.0,
2026-05-15 21:30:00,999.94,1002.2,998.76,1000.4,7037,126822.0,
2026-05-15 21:45:00,1000.58,1001.0,994.72,994.76,14014,127451.0,
2026-05-15 22:00:00,994.72,999.52,993.0,997.9,12817,127274.0,
2026-05-15 22:15:00,997.9,1001.18,996.08,999.7,9391,127061.0,
2026-05-15 22:30:00,999.7,1003.2,999.1,1001.82,3614,126639.0,
2026-05-15 22:45:00,1001.86,1002.86,1001.06,1002.22,5461,126482.0,
2026-05-15 23:00:00,1002.1,1004.5,1000.3,1003.72,452,126295.0,
2026-05-15 23:15:00,1003.72,1003.88,1001.5,1001.66,16,126111.0,
2026-05-15 23:30:00,1001.66,1001.88,1000.0,1000.64,25,126104.0,
2026-05-15 23:45:00,1000.64,1001.44,999.4,999.62,55,126176.0,
2026-05-16 00:15:00,999.56,999.62,997.0,998.0,5,126395.0,
2026-05-16 00:30:00,997.9,999.96,997.62,999.68,1,126231.0,
2026-05-16 00:45:00,999.76,1001.12,999.52,1000.92,2,126121.0,
2026-05-16 01:00:00,1000.92,1001.12,999.84,1000.42,2,125992.0,
2026-05-16 01:15:00,1000.42,1003.0,1000.28,1002.72,13,125640.0,
2026-05-16 01:30:00,1002.72,1004.3,1002.26,1002.98,26,125579.0,
2026-05-16 01:45:00,1003.0,1004.4,1003.0,1003.68,3,125438.0,
2026-05-16 02:00:00,1003.7,1004.12,1003.0,1003.6,14,125371.0,
2026-05-16 02:15:00,1003.6,1004.08,1002.92,1004.02,6,125335.0,
2026-05-16 02:30:00,1004.08,1004.34,1002.5,1003.52,80,125223.0,
2026-05-18 00:00:00,999.72,1000.48,998.22,999.52,89,126270.0,
2026-05-18 09:15:00,992.94,993.1,987.84,989.86,37076,124178.0,
2026-05-18 09:30:00,989.8,992.82,989.44,991.8,11901,122921.0,
2026-05-18 09:45:00,991.8,993.82,991.3,993.82,9609,122241.0,
2026-05-18 10:00:00,993.72,998.94,993.72,996.52,10831,121304.0,
2026-05-18 10:15:00,996.56,999.62,996.1,999.26,6253,121291.0,
2026-05-18 10:45:00,998.78,999.68,997.64,998.88,4811,121287.0,
2026-05-18 11:00:00,998.88,1000.0,997.64,998.3,4526,120817.0,
2026-05-18 11:15:00,998.28,998.66,997.14,997.34,4410,120520.0,
2026-05-18 11:30:00,997.34,999.2,997.22,998.6,3204,120212.0,
2026-05-18 13:45:00,1001.28,1001.6,998.6,998.94,8023,119815.0,
2026-05-18 14:00:00,998.94,999.62,997.12,997.34,2923,119543.0,
2026-05-18 14:15:00,997.34,998.82,997.02,998.12,5738,119282.0,
2026-05-18 14:30:00,998.12,999.98,997.5,997.88,5810,118874.0,
2026-05-18 14:45:00,997.98,999.32,997.34,998.1,5614,118590.0,
2026-05-18 15:00:00,998.26,999.84,997.78,999.8,150,117961.0,
2026-05-18 21:15:00,1003.3,1005.48,1002.28,1003.2,12558,117302.0,
2026-05-18 21:30:00,1003.2,1004.98,1002.62,1004.16,5029,116890.0,
2026-05-18 21:45:00,1004.14,1005.88,1003.08,1003.26,8522,116845.0,
2026-05-18 22:00:00,1003.28,1006.6,1002.8,1005.12,7858,116535.0,
2026-05-18 22:15:00,1005.18,1005.18,1002.0,1002.96,9133,116746.0,
2026-05-18 22:30:00,1002.98,1003.84,1001.12,1002.36,2258,116970.0,
2026-05-18 22:45:00,1002.36,1002.62,997.72,999.52,8867,116975.0,
2026-05-18 23:00:00,999.54,999.62,997.54,999.1,6098,117021.0,
2026-05-18 23:15:00,999.04,999.4,996.3,997.96,7521,116730.0,
2026-05-18 23:30:00,997.96,998.36,996.68,996.68,3844,116710.0,
2026-05-18 23:45:00,996.7,998.7,996.44,997.48,4240,116644.0,
2026-05-19 00:00:00,997.48,999.0,997.34,998.32,2275,116566.0,
2026-05-19 00:15:00,998.36,999.44,997.7,999.26,2782,116482.0,
2026-05-19 00:30:00,999.26,999.72,996.38,996.9,4326,116507.0,
2026-05-19 00:45:00,997.04,998.6,996.44,998.26,2663,116322.0,
2026-05-19 01:00:00,998.26,1000.46,998.2,999.76,3536,115842.0,
2026-05-19 01:15:00,999.76,1001.5,999.34,1000.4,423,115649.0,
2026-05-19 01:30:00,1000.38,1000.88,1000.02,1000.5,1548,115682.0,
2026-05-19 01:45:00,1000.5,1000.52,999.18,999.4,1446,115679.0,
2026-05-19 02:00:00,999.36,999.58,998.86,999.14,1211,115705.0,
2026-05-19 02:15:00,999.14,999.28,998.34,998.68,1552,115758.0,
2026-05-19 02:30:00,998.66,998.7,997.28,998.3,1772,115801.0,
2026-05-19 09:15:00,1002.4,1003.9,998.12,1003.1,10058,114893.0,
2026-05-19 09:30:00,1003.1,1003.62,1000.54,1001.32,4217,114797.0,
2026-05-19 09:45:00,1001.32,1003.52,1000.76,1003.2,5201,114175.0,
2026-05-19 10:00:00,1003.2,1003.46,1001.6,1001.76,4365,113537.0,
2026-05-19 10:15:00,1001.62,1001.82,1000.0,1000.38,4923,113109.0,
2026-05-19 10:45:00,1001.2,1001.2,999.3,1000.42,4614,112509.0,
2026-05-19 11:00:00,1000.42,1000.76,998.74,998.86,3189,112263.0,
2026-05-19 11:15:00,998.86,999.98,998.36,999.74,3822,112029.0,
2026-05-19 11:30:00,999.78,1000.08,998.92,999.38,2374,111579.0,
2026-05-19 13:45:00,997.34,999.38,995.94,996.96,128,111479.0,
2026-05-19 14:00:00,996.92,997.94,996.04,997.26,4999,111198.0,
2026-05-19 14:15:00,997.28,998.4,995.98,997.88,4358,110837.0,
2026-05-19 14:30:00,997.88,999.94,997.68,998.88,5774,110188.0,
2026-05-19 14:45:00,998.88,999.88,998.38,999.74,3942,110023.0,
2026-05-19 15:00:00,999.82,999.84,998.36,999.58,2063,109783.0,
2026-05-19 21:15:00,998.24,998.24,993.28,994.9,11568,110201.0,
2026-05-19 21:30:00,995.12,995.38,988.02,988.26,13910,110826.0,
2026-05-19 21:45:00,988.22,989.0,982.14,985.14,21779,111288.0,
2026-05-19 22:00:00,985.2,992.36,984.82,991.14,12508,110590.0,
2026-05-19 22:15:00,991.14,993.0,988.8,988.96,11175,110172.0,
2026-05-19 22:30:00,988.88,990.6,987.4,988.68,2391,110128.0,
2026-05-19 22:45:00,988.98,990.36,988.36,989.68,6259,110121.0,
2026-05-19 23:00:00,989.68,990.14,988.0,989.74,4627,109914.0,
2026-05-19 23:15:00,989.74,990.88,989.06,990.8,4145,109868.0,
2026-05-19 23:30:00,990.74,991.88,989.88,990.8,3318,109807.0,
2026-05-19 23:45:00,990.72,992.4,990.62,991.26,3450,109679.0,
2026-05-20 00:00:00,991.26,992.62,990.84,992.5,1681,109642.0,
2026-05-20 00:15:00,992.5,992.8,990.24,990.96,3017,109520.0,
2026-05-20 00:30:00,990.94,993.0,990.56,992.36,2399,109617.0,
2026-05-20 00:45:00,992.4,993.22,991.82,991.92,2240,109504.0,
2026-05-20 01:00:00,991.92,992.34,991.52,992.12,1760,109219.0,
2026-05-20 01:15:00,992.06,992.46,991.6,992.24,506,108954.0,
2026-05-20 01:30:00,992.28,992.38,990.84,991.54,2769,108592.0,
2026-05-20 01:45:00,991.52,991.66,990.88,991.14,1344,108429.0,
2026-05-20 02:00:00,991.14,991.24,990.04,990.44,914,108394.0,
2026-05-20 02:15:00,990.48,991.28,990.28,990.42,856,108196.0,
2026-05-20 02:30:00,990.42,990.62,989.4,989.5,1011,108113.0,
2026-05-20 09:15:00,990.18,991.62,987.5,988.6,8438,107865.0,
2026-05-20 09:30:00,988.58,989.24,983.96,984.04,3554,107369.0,
2026-05-20 09:45:00,984.1,984.84,980.36,982.98,55,106870.0,
2026-05-20 10:00:00,982.82,985.8,982.4,985.72,302,105947.0,
2026-05-20 10:15:00,985.6,986.8,984.9,985.64,336,105341.0,
2026-05-20 10:45:00,985.3,985.42,981.02,981.02,1033,104727.0,
2026-05-20 11:00:00,980.96,982.06,980.54,981.92,427,104044.0,
2026-05-20 11:15:00,982.04,982.06,980.1,980.76,12,103879.0,
2026-05-20 11:30:00,980.78,981.8,980.6,980.96,665,103597.0,
2026-05-20 13:45:00,982.6,985.2,982.6,983.62,74,102819.0,
2026-05-20 14:00:00,983.38,984.3,982.06,983.82,896,102066.0,
2026-05-20 14:15:00,983.86,983.9,982.72,983.02,23,101214.0,
2026-05-20 14:30:00,983.6,984.0,982.56,983.1,204,100403.0,
2026-05-20 14:45:00,983.1,983.22,981.1,982.36,54,100049.0,
2026-05-20 15:00:00,982.44,984.72,982.18,983.92,19,99130.0,
2026-05-20 21:15:00,987.86,990.26,987.24,990.2,10313,98190.0,
2026-05-20 21:30:00,990.2,990.2,986.88,986.88,5461,98039.0,
2026-05-20 21:45:00,986.56,987.58,985.3,986.72,6989,98086.0,
2026-05-20 22:00:00,986.66,987.12,984.84,985.16,4066,97897.0,
2026-05-20 22:15:00,985.18,985.58,981.76,983.6,7193,98334.0,
2026-05-20 22:30:00,983.64,990.08,983.56,989.52,1941,98280.0,
2026-05-20 22:45:00,989.52,993.98,989.52,992.58,11788,97618.0,
2026-05-20 23:00:00,992.58,995.78,991.9,994.8,8042,97086.0,
2026-05-20 23:15:00,994.8,995.5,993.26,993.56,4664,96725.0,
2026-05-20 23:30:00,993.56,999.4,993.56,994.58,11984,96227.0,
2026-05-20 23:45:00,994.58,996.32,994.06,995.96,3553,96049.0,
2026-05-21 00:00:00,995.96,996.34,994.36,994.82,1877,95988.0,
2026-05-21 00:15:00,994.82,995.8,994.6,995.48,1834,95918.0,
2026-05-21 00:30:00,995.48,995.48,993.58,993.92,2018,95840.0,
2026-05-21 00:45:00,993.96,995.68,993.66,995.42,1732,95746.0,
2026-05-21 01:00:00,995.6,995.8,994.82,995.66,1416,95739.0,
2026-05-21 01:15:00,995.68,996.78,995.18,995.84,1601,95701.0,
2026-05-21 01:30:00,995.84,996.24,995.22,995.34,1071,95626.0,
2026-05-21 01:45:00,995.34,996.16,995.0,995.66,1299,95552.0,
2026-05-21 02:00:00,995.66,996.0,994.98,995.26,561,95522.0,
2026-05-21 02:15:00,995.26,995.8,994.9,995.56,1039,95556.0,
2026-05-21 02:30:00,995.56,996.12,995.48,995.92,1150,95392.0,
2026-05-21 09:15:00,997.8,1000.82,995.92,1000.6,8274,95065.0,
2026-05-21 09:30:00,1000.6,1002.22,1000.0,1002.1,47,94718.0,
2026-05-21 09:45:00,1002.16,1002.66,1000.74,1001.86,4786,94391.0,
2026-05-21 10:00:00,1001.88,1002.02,1000.24,1000.6,3302,93925.0,
2026-05-21 10:15:00,1000.62,1001.54,998.82,999.06,3725,93436.0,
2026-05-21 10:45:00,997.0,999.06,995.46,995.86,5090,93294.0,
2026-05-21 11:00:00,995.72,996.08,994.94,995.5,3027,93171.0,
2026-05-21 11:15:00,995.5,996.72,995.12,996.5,2745,92910.0,
2026-05-21 11:30:00,996.54,996.82,995.32,996.02,2404,92386.0,
2026-05-21 13:45:00,993.6,996.02,992.58,994.04,5092,92208.0,
2026-05-21 14:00:00,994.0,994.96,992.78,994.32,483,91918.0,
2026-05-21 14:15:00,994.24,995.76,994.18,995.04,3352,91439.0,
2026-05-21 14:30:00,994.9,996.58,994.48,995.14,4052,91086.0,
2026-05-21 14:45:00,995.2,995.7,993.28,993.72,3396,90683.0,
2026-05-21 15:00:00,993.62,993.98,992.6,992.74,3,89656.0,
2026-05-21 21:15:00,988.3,990.8,987.54,988.56,8691,89927.0,
2026-05-21 21:30:00,988.56,989.38,987.26,988.2,5456,89645.0,
2026-05-21 21:45:00,988.3,989.08,986.04,988.0,6484,89723.0,
2026-05-21 22:00:00,988.0,992.66,987.48,991.2,8326,89361.0,
2026-05-21 22:15:00,991.22,991.68,988.84,990.24,4912,89155.0,
2026-05-21 22:30:00,990.24,990.38,988.06,989.88,1000,89139.0,
2026-05-21 22:45:00,989.98,990.84,989.04,989.52,3353,89066.0,
2026-05-21 23:00:00,989.5,990.52,988.82,990.12,3296,88985.0,
2026-05-21 23:15:00,990.06,991.26,987.68,990.24,5659,88874.0,
2026-05-21 23:30:00,990.26,990.64,988.86,989.02,2704,88787.0,
2026-05-21 23:45:00,989.02,990.3,988.9,989.86,1857,88786.0,
2026-05-22 00:00:00,989.86,991.1,989.82,990.92,1112,88871.0,
2026-05-22 00:15:00,990.92,992.64,990.92,991.88,3148,88860.0,
2026-05-22 00:30:00,991.88,992.1,991.4,991.56,1169,88756.0,
2026-05-22 00:45:00,991.56,992.18,991.34,991.88,886,88697.0,
2026-05-22 01:00:00,991.88,992.5,991.7,992.06,1002,88674.0,
2026-05-22 01:15:00,992.06,994.4,991.12,993.42,801,88513.0,
2026-05-22 01:30:00,993.32,996.9,993.32,995.88,4727,88518.0,
2026-05-22 01:45:00,995.88,997.44,995.4,997.2,2391,88469.0,
2026-05-22 02:00:00,997.16,999.5,996.62,997.8,2776,88425.0,
2026-05-22 02:15:00,997.8,999.24,996.44,996.86,2726,88192.0,
2026-05-22 02:30:00,996.86,997.84,996.6,997.6,1342,87927.0,
2026-05-22 09:15:00,997.6,997.6,992.36,993.8,1234,87846.0,
2026-05-22 09:30:00,993.8,994.64,993.22,993.92,2799,87602.0,
2026-05-22 09:45:00,993.92,994.04,992.18,992.92,3366,87176.0,
2026-05-22 10:00:00,992.88,994.48,992.82,993.44,2730,86713.0,
2026-05-22 10:15:00,993.44,994.0,992.6,993.54,2250,86336.0,
2026-05-22 10:45:00,993.2,993.54,991.6,992.42,2988,85940.0,
2026-05-22 11:00:00,992.42,993.32,991.88,992.5,1908,85575.0,
2026-05-22 11:15:00,992.44,992.9,992.0,992.12,1433,85435.0,
2026-05-22 11:30:00,992.12,992.42,991.62,992.02,757,85024.0,
2026-05-22 13:45:00,993.0,994.8,992.02,994.68,3452,84880.0,
2026-05-22 14:00:00,994.68,994.76,989.4,989.88,5442,84494.0,
2026-05-22 14:15:00,989.88,992.58,989.66,992.16,3848,84209.0,
2026-05-22 14:30:00,992.18,992.86,991.16,992.74,2716,83965.0,
2026-05-22 14:45:00,993.12,993.2,991.84,992.54,2231,83574.0,
2026-05-22 15:00:00,992.76,993.34,992.32,993.34,85,82783.0,
2026-05-22 21:15:00,992.38,993.92,991.18,992.66,4,82659.0,
2026-05-22 21:30:00,992.64,992.98,991.5,991.6,52,82626.0,
2026-05-22 21:45:00,991.44,992.5,989.58,990.78,4,82565.0,
2026-05-22 22:00:00,990.78,991.02,989.46,990.06,21,82641.0,
2026-05-22 22:15:00,990.06,990.06,986.12,986.58,551,82861.0,
2026-05-22 22:30:00,986.88,987.5,985.5,987.02,8,82910.0,
2026-05-22 22:45:00,987.02,988.38,986.8,988.04,13,82742.0,
2026-05-22 23:00:00,988.04,988.68,987.12,987.12,2,82631.0,
2026-05-22 23:15:00,987.12,989.82,987.08,989.38,2,82481.0,
2026-05-22 23:30:00,989.46,991.3,989.34,991.22,3,82392.0,
2026-05-22 23:45:00,991.12,991.98,991.04,991.16,11,82289.0,
2026-05-23 00:15:00,991.6,991.78,991.0,991.58,6,82221.0,
2026-05-23 00:30:00,991.58,992.86,990.8,992.68,20,82242.0,
2026-05-23 00:45:00,992.68,993.38,990.34,990.68,26,82145.0,
2026-05-23 01:00:00,990.68,991.3,989.92,990.44,2,82139.0,
2026-05-23 01:15:00,990.44,991.86,990.44,991.44,1,82102.0,
2026-05-23 01:30:00,991.44,992.6,990.08,992.5,40,82049.0,
2026-05-23 01:45:00,992.46,992.9,991.38,992.04,11,82066.0,
2026-05-23 02:00:00,992.04,992.18,991.46,991.5,6,82015.0,
2026-05-23 02:15:00,991.5,991.56,990.26,990.7,4,82010.0,
2026-05-23 02:30:00,990.7,991.64,990.4,991.3,54,81848.0,
2026-05-25 00:00:00,991.16,991.88,990.5,991.6,6,82268.0,
2026-05-25 09:15:00,1000.46,1002.52,998.7,999.7,16929,80871.0,
2026-05-25 09:30:00,999.52,1001.6,998.96,1001.3,2397,79986.0,
2026-05-25 09:45:00,1001.34,1001.46,999.46,999.46,2659,79377.0,
2026-05-25 10:00:00,999.54,1000.08,998.8,999.12,2714,78861.0,
2026-05-25 10:15:00,999.22,999.68,998.0,998.16,2338,78407.0,
2026-05-25 10:45:00,998.26,999.68,998.08,999.68,3707,77319.0,
2026-05-25 11:00:00,999.7,999.84,998.04,998.34,2644,76630.0,
2026-05-25 11:15:00,998.34,998.86,998.0,998.54,1380,76327.0,
2026-05-25 11:30:00,998.54,998.78,997.98,998.1,1761,76004.0,
2026-05-25 13:45:00,997.16,997.98,996.5,997.42,1012,75673.0,
2026-05-25 14:00:00,996.74,996.92,996.66,996.66,7,75189.0,
2026-05-25 14:15:00,996.62,996.94,996.24,996.66,303,74970.0,
2026-05-25 14:30:00,996.66,997.36,996.38,996.74,24,74760.0,
2026-05-25 14:45:00,996.76,997.46,996.66,997.24,2,74720.0,
2026-05-25 15:00:00,997.6,998.7,997.56,998.7,8,74311.0,
2026-05-25 21:15:00,999.72,1000.6,998.72,999.24,6959,73527.0,
2026-05-25 21:30:00,999.24,999.56,998.64,998.84,14,72239.0,
2026-05-25 21:45:00,998.88,999.58,998.76,999.32,33,71225.0,
2026-05-25 22:00:00,999.38,999.5,998.34,999.14,10,70199.0,
2026-05-25 22:15:00,999.14,1000.32,998.98,999.84,13,68723.0,
2026-05-25 22:30:00,999.84,1000.22,999.6,999.74,6,68183.0,
2026-05-25 22:45:00,999.74,999.9,999.24,999.54,1,67936.0,
2026-05-25 23:00:00,999.56,999.92,999.4,999.58,9,67753.0,
2026-05-25 23:15:00,999.58,1000.9,999.44,1000.3,2,67309.0,
2026-05-25 23:30:00,1000.3,1000.9,999.84,1000.62,22,66389.0,
2026-05-25 23:45:00,1000.62,1000.62,999.4,1000.0,1,66114.0,
2026-05-26 00:00:00,1000.0,1000.56,999.92,1000.24,13,65954.0,
2026-05-26 00:15:00,1000.24,1000.24,999.86,1000.2,5,65795.0,
2026-05-26 00:30:00,1000.14,1000.18,999.68,999.72,2,65738.0,
2026-05-26 00:45:00,999.72,1000.66,999.68,1000.46,5,65667.0,
2026-05-26 01:00:00,1000.42,1000.9,1000.3,1000.86,10,65589.0,
2026-05-26 01:15:00,1000.86,1002.08,1000.84,1001.2,1,65396.0,
2026-05-26 01:30:00,1001.2,1001.24,1000.24,1000.64,1,65327.0,
2026-05-26 01:45:00,1000.64,1000.64,999.66,999.72,10,65228.0,
2026-05-26 02:00:00,999.72,999.72,998.92,999.4,3,65129.0,
2026-05-26 02:15:00,999.4,1000.56,999.24,1000.28,1,65080.0,
2026-05-26 02:30:00,1000.28,1000.66,999.84,1000.66,2,64989.0,
2026-05-26 09:15:00,996.8,996.8,994.56,995.9,14,63562.0,
2026-05-26 09:30:00,995.9,995.92,994.72,995.0,61,62927.0,
2026-05-26 09:45:00,995.0,995.06,992.06,992.54,240,62167.0,
2026-05-26 10:00:00,992.54,993.58,992.4,993.46,126,61394.0,
2026-05-26 10:15:00,993.34,993.7,993.32,993.7,3,60876.0,
2026-05-26 10:45:00,993.62,993.74,992.76,992.98,14,60252.0,
2026-05-26 11:00:00,992.9,992.92,992.16,992.36,19,59400.0,
2026-05-26 11:15:00,992.38,993.64,992.32,993.4,189,58831.0,
2026-05-26 11:30:00,993.4,994.88,993.28,994.62,5,58423.0,
2026-05-26 13:45:00,992.5,993.32,991.58,992.16,144,57451.0,
2026-05-26 14:00:00,991.96,991.98,990.92,991.42,507,56443.0,
2026-05-26 14:15:00,991.5,992.38,991.36,992.16,6,55617.0,
2026-05-26 14:30:00,992.12,993.18,991.56,992.0,866,55272.0,
2026-05-26 14:45:00,992.0,992.48,991.36,992.46,195,54881.0,
2026-05-26 15:00:00,992.44,992.48,991.48,991.78,6,54421.0,
2026-05-26 21:15:00,988.84,990.74,988.7,989.16,2521,53776.0,
2026-05-26 21:30:00,989.1,990.88,989.0,990.0,1378,53593.0,
2026-05-26 21:45:00,990.0,991.7,989.98,991.18,1774,53375.0,
2026-05-26 22:00:00,991.18,991.32,987.8,988.1,2257,53086.0,
2026-05-26 22:15:00,988.2,989.5,987.1,987.6,2178,52688.0,
2026-05-26 22:30:00,987.6,989.04,987.24,989.02,64,52552.0,
2026-05-26 22:45:00,989.02,990.32,989.02,989.8,1397,52465.0,
2026-05-26 23:00:00,989.8,989.86,988.06,988.56,956,52357.0,
2026-05-26 23:15:00,988.6,988.6,987.12,987.48,1104,52334.0,
2026-05-26 23:30:00,987.48,987.7,986.78,987.1,1172,52236.0,
2026-05-26 23:45:00,987.1,987.52,986.4,987.3,894,52178.0,
2026-05-27 00:00:00,987.3,987.82,986.68,986.98,691,52105.0,
2026-05-27 00:15:00,986.98,987.38,985.76,985.76,464,52072.0,
2026-05-27 00:30:00,985.76,987.52,985.44,987.34,782,51951.0,
2026-05-27 00:45:00,987.4,988.0,986.46,986.98,581,51905.0,
2026-05-27 01:00:00,986.98,987.18,986.26,986.8,481,51845.0,
2026-05-27 01:15:00,986.74,987.16,986.3,986.32,236,51814.0,
2026-05-27 01:30:00,986.32,987.0,985.76,986.02,315,51784.0,
2026-05-27 01:45:00,985.92,985.92,984.56,985.36,841,51679.0,
2026-05-27 02:00:00,985.36,985.84,983.32,983.62,464,51643.0,
2026-05-27 02:15:00,983.62,984.2,981.94,982.82,1024,51536.0,
2026-05-27 02:30:00,982.82,984.82,982.7,984.3,435,51455.0,
2026-05-27 09:15:00,988.38,988.8,984.3,988.52,3688,50117.0,
2026-05-27 09:30:00,988.54,988.86,987.56,987.82,1847,49480.0,
2026-05-27 09:45:00,987.92,988.24,986.56,986.82,1527,49038.0,
2026-05-27 10:00:00,986.82,986.92,986.24,986.38,5,48419.0,
2026-05-27 10:15:00,986.4,986.64,984.9,985.38,2472,47383.0,
2026-05-27 10:45:00,985.44,985.8,984.38,984.58,2263,46536.0,
2026-05-27 11:00:00,984.52,986.1,984.42,985.84,1616,45864.0,
2026-05-27 11:15:00,986.22,986.54,985.66,986.28,1242,45308.0,
2026-05-27 11:30:00,986.28,986.78,985.42,985.94,1188,44737.0,
2026-05-27 13:45:00,985.8,986.0,981.9,982.2,3949,43746.0,
2026-05-27 14:00:00,982.16,984.16,981.82,983.26,1134,42870.0,
2026-05-27 14:15:00,983.26,983.62,982.38,982.64,2534,42052.0,
2026-05-27 14:30:00,982.78,982.94,980.5,980.9,3632,41098.0,
2026-05-27 14:45:00,980.9,981.04,979.54,980.98,274,40425.0,
2026-05-27 15:00:00,981.5,981.52,980.42,980.5,459,39801.0,
2026-05-27 21:15:00,972.0,972.0,963.16,964.62,5856,38614.0,
2026-05-27 21:30:00,964.6,965.24,960.82,961.7,4148,37570.0,
2026-05-27 21:45:00,962.46,966.62,961.9,965.46,3926,36580.0,
2026-05-27 22:00:00,965.46,968.2,964.94,967.14,2625,36093.0,
2026-05-27 22:15:00,967.3,972.8,967.0,971.2,3377,35472.0,
2026-05-27 22:30:00,971.2,972.52,969.96,970.98,589,35025.0,
2026-05-27 22:45:00,970.94,971.48,968.9,970.24,1494,34895.0,
2026-05-27 23:00:00,970.24,970.84,968.06,968.26,898,34759.0,
2026-05-27 23:15:00,968.26,969.06,967.08,967.8,971,34736.0,
2026-05-27 23:30:00,967.8,968.64,967.32,968.64,530,34700.0,
2026-05-27 23:45:00,968.64,969.72,968.34,968.38,642,34675.0,
2026-05-28 00:00:00,968.38,969.22,967.72,968.5,122,34577.0,
2026-05-28 00:15:00,968.5,969.74,968.24,969.44,498,34557.0,
2026-05-28 00:30:00,969.44,971.24,969.34,970.78,454,34535.0,
2026-05-28 00:45:00,970.78,972.02,970.56,971.64,435,34496.0,
2026-05-28 01:00:00,971.56,971.8,971.12,971.36,268,34464.0,
2026-05-28 01:15:00,971.36,971.62,969.8,970.28,450,34396.0,
2026-05-28 01:30:00,970.36,971.64,970.18,971.46,267,34373.0,
2026-05-28 01:45:00,971.46,972.3,971.14,971.46,152,34377.0,
2026-05-28 02:00:00,971.46,972.3,971.04,971.64,216,34389.0,
2026-05-28 02:15:00,971.54,972.06,971.12,971.62,153,34376.0,
2026-05-28 02:30:00,971.62,973.64,971.6,972.86,295,34324.0,
2026-05-28 09:15:00,972.88,973.54,969.02,969.14,3155,33026.0,
2026-05-28 09:30:00,969.14,969.52,964.42,964.78,2846,32267.0,
2026-05-28 09:45:00,964.78,966.94,964.36,964.8,2242,31780.0,
2026-05-28 10:00:00,964.76,965.64,962.8,963.44,1793,31366.0,
2026-05-28 10:15:00,963.74,964.0,961.0,962.16,2037,31133.0,
2026-05-28 10:45:00,962.68,964.0,962.16,962.72,1711,30674.0,
2026-05-28 11:00:00,962.76,962.76,960.34,960.58,1978,30315.0,
2026-05-28 11:15:00,960.58,961.22,959.52,960.42,1837,29814.0,
2026-05-28 11:30:00,958.46,960.52,957.78,958.92,141,29395.0,
2026-05-28 13:45:00,957.2,960.84,956.58,959.58,2955,28483.0,
2026-05-28 14:00:00,960.44,960.96,959.06,959.2,2460,27474.0,
2026-05-28 14:15:00,959.22,959.68,956.1,956.4,2993,26453.0,
2026-05-28 14:30:00,956.24,958.22,956.0,957.3,1864,25873.0,
2026-05-28 14:45:00,957.22,958.36,956.68,957.28,1616,25408.0,
2026-05-28 15:00:00,957.36,958.3,957.02,957.72,543,24830.0,
2026-05-28 21:15:00,966.2,969.1,966.0,966.44,3761,23756.0,
2026-05-28 21:30:00,966.44,967.88,966.18,966.88,1001,23413.0,
2026-05-28 21:45:00,966.86,967.32,964.68,965.6,1344,23110.0,
2026-05-28 22:00:00,965.6,968.06,965.4,967.16,1094,22882.0,
2026-05-28 22:15:00,967.16,973.66,965.0,973.54,3224,22545.0,
2026-05-28 22:30:00,973.18,975.7,971.26,972.88,49,21968.0,
2026-05-28 22:45:00,972.96,975.42,971.32,974.9,1557,21638.0,
2026-05-28 23:00:00,974.94,977.38,973.8,975.02,1431,21498.0,
2026-05-28 23:15:00,975.28,977.28,975.0,975.7,1038,21280.0,
2026-05-28 23:30:00,975.7,977.7,975.4,976.66,906,21123.0,
2026-05-28 23:45:00,976.66,978.48,976.66,977.4,692,20976.0,
2026-05-29 00:00:00,977.4,977.9,976.84,977.68,352,20940.0,
2026-05-29 00:15:00,977.68,977.94,976.4,977.66,358,20935.0,
2026-05-29 00:30:00,977.9,981.92,977.66,981.28,796,20916.0,
2026-05-29 00:45:00,981.28,982.86,980.72,982.4,414,20876.0,
2026-05-29 01:00:00,982.5,983.66,982.5,983.64,331,20870.0,
2026-05-29 01:15:00,983.64,984.68,982.4,982.4,455,20855.0,
2026-05-29 01:30:00,982.34,982.96,981.72,981.92,368,20819.0,
2026-05-29 01:45:00,981.94,982.92,981.7,982.46,13,20799.0,
2026-05-29 02:00:00,982.28,983.5,982.28,983.42,138,20778.0,
2026-05-29 02:15:00,983.42,984.8,982.74,983.08,275,20766.0,
2026-05-29 02:30:00,983.08,983.96,982.74,982.86,269,20728.0,
2026-05-29 09:15:00,980.6,985.82,980.54,985.62,2537,19482.0,
2026-05-29 09:30:00,985.62,986.98,982.86,982.98,2089,18519.0,
2026-05-29 09:45:00,982.98,983.68,982.44,983.22,1414,17840.0,
2026-05-29 10:00:00,983.2,983.44,982.08,983.18,1170,17211.0,
2026-05-29 10:15:00,983.22,984.0,982.38,983.0,62,16337.0,
2026-05-29 10:45:00,982.38,983.0,980.72,982.26,1941,15205.0,
2026-05-29 11:00:00,982.24,982.92,981.62,981.8,1047,14594.0,
2026-05-29 11:15:00,981.8,981.96,980.12,980.58,1288,13937.0,
2026-05-29 11:30:00,980.42,981.04,979.88,980.44,616,13656.0,
2026-05-29 13:45:00,982.9,983.78,980.44,982.7,1502,12820.0,
2026-05-29 14:00:00,982.52,984.5,982.12,984.22,1046,12276.0,
2026-05-29 14:15:00,984.24,985.44,983.44,984.36,1812,11260.0,
2026-05-29 14:30:00,984.28,985.52,983.28,984.74,893,10728.0,
2026-05-29 14:45:00,984.58,985.44,982.18,984.62,690,10323.0,
2026-05-29 15:00:00,984.62,985.36,984.32,985.26,288,10112.0,
2026-05-29 21:15:00,984.88,986.24,983.8,985.6,207,10103.0,
2026-05-29 21:30:00,985.6,986.76,985.4,986.36,87,10073.0,
2026-05-29 21:45:00,986.36,987.78,985.4,987.04,138,10025.0,
2026-05-29 22:00:00,987.04,988.62,986.7,987.86,126,9971.0,
2026-05-29 22:15:00,987.86,991.2,987.72,989.78,141,9938.0,
2026-05-29 22:30:00,989.78,989.78,986.0,986.42,138,9884.0,
2026-05-29 22:45:00,986.42,989.2,986.0,989.2,42,9863.0,
2026-05-29 23:00:00,988.9,994.9,988.54,993.68,3,9767.0,
2026-05-29 23:15:00,993.68,999.8,993.68,998.8,3,9653.0,
2026-05-29 23:30:00,998.8,998.8,996.66,996.82,3,9590.0,
2026-05-29 23:45:00,996.82,996.84,992.7,993.46,9,9584.0,
2026-05-30 00:15:00,993.88,994.42,992.48,993.1,3,9569.0,
2026-05-30 00:30:00,993.1,993.6,992.6,993.48,3,9557.0,
2026-05-30 00:45:00,993.48,994.82,993.18,993.88,3,9557.0,
2026-05-30 01:00:00,993.88,993.88,992.96,993.68,6,9539.0,
2026-05-30 01:15:00,993.68,994.14,993.62,993.62,3,9536.0,
2026-05-30 01:30:00,993.62,994.08,993.62,994.08,3,9533.0,
2026-05-30 01:45:00,992.7,992.76,992.7,992.76,3,9530.0,
2026-05-30 02:00:00,991.82,992.26,991.6,991.6,3,9530.0,
2026-05-30 02:15:00,991.6,992.68,991.6,992.68,6,9524.0,
2026-05-30 02:30:00,992.68,992.7,992.44,992.44,3,9524.0,
2026-06-01 00:00:00,994.44,994.44,992.34,993.88,6,9575.0,
2026-06-01 09:15:00,992.44,992.44,985.92,987.66,12,9392.0,
2026-06-01 09:30:00,988.0,988.28,986.96,986.96,6,9311.0,
2026-06-01 09:45:00,987.2,988.1,986.92,987.66,12,9287.0,
2026-06-01 10:00:00,987.66,987.66,986.0,986.0,27,9257.0,
2026-06-01 10:15:00,986.3,987.6,985.84,987.6,3,9143.0,
2026-06-01 10:45:00,987.2,987.2,982.3,985.78,24,9039.0,
2026-06-01 11:00:00,985.78,986.12,985.68,985.7,60,9003.0,
2026-06-01 11:15:00,985.7,985.7,984.7,984.7,6,8979.0,
2026-06-01 11:30:00,984.7,985.28,984.34,985.28,3,8964.0,
2026-06-01 13:45:00,985.28,985.28,983.36,984.1,60,8934.0,
2026-06-01 14:00:00,984.16,985.28,984.16,984.42,51,8874.0,
2026-06-01 14:15:00,984.42,984.46,983.5,983.74,15,8871.0,
2026-06-01 14:30:00,983.74,983.74,983.4,983.5,3,8832.0,
2026-06-01 14:45:00,983.5,983.82,981.2,981.2,3,8784.0,
2026-06-01 15:00:00,981.2,981.2,980.94,981.0,9,8757.0,
2026-06-01 21:15:00,981.0,981.0,976.72,977.82,12,8733.0,
2026-06-01 21:30:00,977.82,977.82,973.38,973.9,24,8691.0,
2026-06-01 21:45:00,973.9,976.28,973.18,975.58,3,8670.0,
2026-06-01 22:00:00,975.58,975.58,970.08,970.08,3,8628.0,
2026-06-01 22:15:00,970.08,972.92,970.04,972.88,3,8589.0,
2026-06-01 22:30:00,972.66,972.66,970.92,971.16,3,8580.0,
2026-06-01 22:45:00,971.16,972.0,971.16,971.36,3,8577.0,
2026-06-01 23:00:00,971.36,972.18,971.24,971.92,3,8571.0,
2026-06-01 23:15:00,971.92,972.28,971.92,972.28,3,8568.0,
2026-06-01 23:30:00,973.52,974.0,973.52,974.0,3,8550.0,
2026-06-01 23:45:00,974.0,975.62,974.0,974.8,6,8532.0,
2026-06-02 00:00:00,974.8,974.8,974.22,974.22,6,8532.0,
2026-06-02 00:15:00,974.22,975.52,974.22,975.02,21,8523.0,
2026-06-02 00:30:00,975.02,975.02,973.0,973.0,3,8523.0,
2026-06-02 00:45:00,973.0,973.5,973.0,973.16,15,8514.0,
2026-06-02 01:00:00,973.16,975.52,973.16,975.48,3,8505.0,
2026-06-02 01:15:00,975.48,975.48,975.38,975.38,3,8505.0,
2026-06-02 01:30:00,975.38,975.64,975.38,975.64,6,8499.0,
2026-06-02 01:45:00,975.64,977.08,975.64,977.08,12,8502.0,
2026-06-02 02:00:00,977.08,977.98,977.08,977.98,6,8502.0,
2026-06-02 02:30:00,977.98,977.98,976.8,976.8,3,8502.0,
2026-06-02 09:15:00,976.8,978.32,974.52,978.24,21,8355.0,
2026-06-02 09:30:00,978.24,978.24,975.44,978.12,66,8274.0,
2026-06-02 09:45:00,978.12,978.12,975.86,976.12,63,8220.0,
2026-06-02 10:00:00,974.76,974.94,972.7,973.12,93,8025.0,
2026-06-02 10:15:00,973.12,975.6,973.12,974.88,9,7932.0,
2026-06-02 10:45:00,974.88,976.5,974.88,975.16,9,7911.0,
2026-06-02 11:00:00,975.14,976.88,975.1,976.66,87,7704.0,
2026-06-02 11:15:00,976.66,978.0,976.66,977.24,3,7650.0,
2026-06-02 11:30:00,977.38,978.88,977.32,978.18,3,7473.0,
2026-06-02 13:45:00,981.0,985.38,981.0,984.74,33,7242.0,
2026-06-02 14:00:00,984.76,984.84,982.98,983.42,30,7137.0,
2026-06-02 14:15:00,983.42,984.9,983.32,984.24,3,7041.0,
2026-06-02 14:30:00,983.7,987.0,983.7,986.94,183,6852.0,
2026-06-02 14:45:00,986.94,987.56,986.94,986.94,3,6717.0,
2026-06-02 15:00:00,986.94,987.36,986.74,987.36,99,6624.0,
2026-06-02 21:15:00,983.8,984.56,981.78,982.62,168,6576.0,
2026-06-02 21:30:00,982.6,983.08,982.46,982.64,48,6576.0,
2026-06-02 21:45:00,982.64,982.64,981.28,981.8,15,6570.0,
2026-06-02 22:00:00,981.8,981.8,981.8,981.8,0,6570.0,
2026-06-02 22:15:00,981.8,981.8,980.0,981.06,39,6540.0,
2026-06-02 22:30:00,981.06,981.06,978.8,978.8,15,6543.0,
2026-06-02 22:45:00,978.8,980.52,978.8,980.52,9,6534.0,
2026-06-02 23:00:00,980.52,981.28,980.5,980.5,21,6522.0,
2026-06-02 23:15:00,980.5,981.54,980.5,980.9,36,6474.0,
2026-06-02 23:30:00,980.9,981.08,980.5,980.5,9,6468.0,
2026-06-02 23:45:00,980.5,981.38,980.5,981.38,30,6441.0,
2026-06-03 00:00:00,981.38,981.38,980.26,980.26,18,6429.0,
2026-06-03 00:15:00,980.26,980.26,979.78,980.06,6,6423.0,
2026-06-03 00:30:00,980.06,980.06,980.06,980.06,0,6423.0,
2026-06-03 00:45:00,980.06,980.06,978.1,978.1,9,6414.0,
2026-06-03 01:00:00,978.1,978.1,978.1,978.1,0,6414.0,
2026-06-03 01:15:00,978.1,978.1,978.1,978.1,0,6414.0,
2026-06-03 01:30:00,978.1,978.1,977.7,977.7,3,6414.0,
2026-06-03 01:45:00,977.7,977.7,977.02,977.02,6,6408.0,
2026-06-03 02:00:00,977.02,977.02,977.02,977.02,0,6408.0,
2026-06-03 02:15:00,977.02,977.02,977.02,977.02,0,6408.0,
2026-06-03 02:30:00,977.02,978.04,977.02,977.8,12,6405.0,
2026-06-03 09:15:00,977.16,977.8,973.66,974.6,165,6333.0,
2026-06-03 09:30:00,974.6,974.64,973.42,973.96,102,6309.0,
2026-06-03 09:45:00,974.74,974.84,973.24,973.24,24,6297.0,
2026-06-03 10:00:00,973.24,975.26,973.24,975.26,30,6282.0,
2026-06-03 10:15:00,975.26,976.72,975.26,976.72,66,6240.0,
2026-06-03 10:45:00,976.72,977.38,975.88,977.38,48,6210.0,
2026-06-03 11:00:00,977.38,977.38,975.66,977.26,45,6192.0,
2026-06-03 11:15:00,977.26,978.38,977.26,978.16,24,6186.0,
2026-06-03 11:30:00,978.16,978.26,977.6,977.9,48,6165.0,
2026-06-03 13:45:00,977.9,977.9,972.3,973.04,81,6126.0,
2026-06-03 14:00:00,973.5,974.06,971.9,972.06,54,6111.0,
2026-06-03 14:15:00,972.06,974.1,972.06,974.1,81,6129.0,
2026-06-03 14:30:00,974.1,975.0,973.16,973.72,87,6078.0,
2026-06-03 14:45:00,973.72,974.02,972.66,972.92,60,6057.0,
2026-06-03 15:00:00,972.92,973.74,972.3,973.74,30,6018.0,
2026-06-03 21:15:00,973.92,974.42,973.3,974.08,78,5967.0,
2026-06-03 21:30:00,974.08,974.08,971.24,971.24,51,5961.0,
2026-06-03 21:45:00,971.24,971.46,968.14,968.14,36,5952.0,
2026-06-03 22:00:00,968.14,970.68,966.76,970.3,135,5859.0,
2026-06-03 22:15:00,970.56,972.46,969.9,972.46,75,5811.0,
2026-06-03 22:30:00,972.46,972.6,971.5,971.5,24,5799.0,
2026-06-03 22:45:00,971.5,971.5,971.5,971.5,0,5799.0,
2026-06-03 23:00:00,971.5,973.0,971.5,973.0,48,5778.0,
2026-06-03 23:15:00,973.0,973.28,971.2,971.2,18,5766.0,
2026-06-03 23:30:00,971.2,971.2,971.2,971.2,0,5766.0,
2026-06-03 23:45:00,971.2,971.2,969.3,969.3,18,5769.0,
2026-06-04 00:00:00,969.3,970.02,969.3,970.02,6,5769.0,
2026-06-04 00:15:00,970.02,970.42,970.02,970.42,3,5769.0,
2026-06-04 00:30:00,970.42,970.42,969.34,969.34,3,5769.0,
2026-06-04 00:45:00,969.34,969.34,969.34,969.34,0,5769.0,
2026-06-04 01:00:00,969.34,969.6,969.34,969.6,3,5769.0,
2026-06-04 01:15:00,970.38,970.82,969.6,970.82,15,5763.0,
2026-06-04 01:30:00,970.82,970.82,970.82,970.82,0,5763.0,
2026-06-04 01:45:00,970.82,970.82,970.82,970.82,0,5763.0,
2026-06-04 02:00:00,970.82,970.82,970.82,970.82,0,5763.0,
2026-06-04 02:15:00,970.18,970.18,970.18,970.18,3,5760.0,
2026-06-04 02:30:00,970.18,970.18,969.32,969.64,21,5757.0,
2026-06-04 09:15:00,969.64,975.52,969.64,975.04,294,5589.0,
2026-06-04 09:30:00,975.04,976.86,973.94,975.48,108,5505.0,
2026-06-04 09:45:00,975.48,975.6,973.66,973.74,162,5433.0,
2026-06-04 10:00:00,973.74,975.0,973.12,975.0,27,5424.0,
2026-06-04 10:15:00,975.0,975.0,973.28,973.9,18,5415.0,
2026-06-04 10:45:00,973.9,974.12,972.7,974.12,21,5406.0,
2026-06-04 11:00:00,974.12,976.86,974.12,976.18,57,5364.0,
2026-06-04 11:15:00,976.18,976.56,975.5,976.12,3,5256.0,
2026-06-04 11:30:00,976.12,976.12,975.16,975.34,30,5238.0,
2026-06-04 13:45:00,976.06,976.6,975.34,976.16,285,5079.0,
2026-06-04 14:00:00,976.16,976.16,974.84,975.08,3,5082.0,
2026-06-04 14:15:00,975.06,976.78,975.06,976.36,9,5061.0,
2026-06-04 14:30:00,976.36,976.36,974.8,975.46,9,4998.0,
2026-06-04 14:45:00,975.46,976.58,975.22,975.22,15,4962.0,
2026-06-04 15:00:00,974.3,974.6,974.3,974.52,15,4962.0,
2026-06-04 21:15:00,982.2,983.26,981.66,982.0,12,4968.0,
2026-06-04 21:30:00,982.0,983.1,981.72,981.72,9,4962.0,
2026-06-04 21:45:00,981.72,984.0,981.72,984.0,12,4962.0,
2026-06-04 22:00:00,984.0,984.04,980.86,981.06,6,4899.0,
2026-06-04 22:15:00,981.06,981.06,978.86,978.86,3,4719.0,
2026-06-04 22:30:00,978.86,979.94,977.38,978.12,3,4530.0,
2026-06-04 22:45:00,978.12,978.24,975.4,975.74,3,4437.0,
2026-06-04 23:00:00,975.74,975.74,972.7,973.5,3,4440.0,
2026-06-04 23:15:00,973.5,975.4,973.5,975.4,3,4428.0,
2026-06-04 23:30:00,975.4,975.4,975.28,975.36,3,4428.0,
2026-06-04 23:45:00,975.26,976.14,975.22,975.38,3,4428.0,
2026-06-05 00:00:00,975.38,976.12,975.08,976.12,3,4431.0,
2026-06-05 00:15:00,976.12,976.12,976.12,976.12,0,4431.0,
2026-06-05 00:30:00,976.12,977.92,976.12,977.92,6,4431.0,
2026-06-05 00:45:00,977.92,977.92,977.14,977.14,3,4428.0,
2026-06-05 01:00:00,977.14,977.48,977.14,977.48,3,4428.0,
2026-06-05 01:15:00,977.4,977.4,976.18,976.18,3,4428.0,
2026-06-05 01:30:00,975.54,975.54,975.54,975.54,6,4428.0,
2026-06-05 02:30:00,975.54,977.3,975.54,976.22,3,4425.0,
2026-06-05 09:15:00,976.22,976.22,971.2,974.12,6,4434.0,
2026-06-05 09:30:00,974.12,974.12,972.4,972.4,3,4425.0,
2026-06-05 09:45:00,972.4,972.4,969.54,969.54,3,4425.0,
2026-06-05 10:00:00,969.54,970.58,969.5,969.5,6,4413.0,
2026-06-05 10:15:00,969.5,970.46,969.04,970.46,3,4407.0,
2026-06-05 10:45:00,970.46,970.46,968.5,968.5,12,4413.0,
2026-06-05 11:00:00,968.84,968.9,968.84,968.9,6,4407.0,
2026-06-05 11:15:00,968.9,968.9,968.46,968.46,12,4371.0,
2026-06-05 11:30:00,968.8,968.9,968.1,968.1,15,4248.0,
2026-06-05 13:45:00,968.7,969.6,968.52,969.0,117,3960.0,
2026-06-05 14:00:00,969.0,969.52,968.14,968.14,111,3801.0,
2026-06-05 14:15:00,968.14,968.5,967.5,967.5,69,3711.0,
2026-06-05 14:30:00,967.0,968.6,966.58,968.5,3,3633.0,
2026-06-05 14:45:00,968.5,969.6,968.44,969.4,3,3579.0,
2026-06-05 15:00:00,969.4,970.7,969.4,970.7,6,3555.0,
2026-06-05 21:15:00,961.64,963.5,959.0,963.5,225,3450.0,
2026-06-05 21:30:00,963.5,963.5,960.22,960.22,123,3402.0,
2026-06-05 21:45:00,960.22,961.02,957.02,957.5,84,3351.0,
2026-06-05 22:00:00,957.5,957.5,954.86,954.86,123,3336.0,
2026-06-05 22:15:00,954.86,955.64,953.0,955.42,63,3321.0,
2026-06-05 22:30:00,955.42,955.42,952.18,952.18,36,3318.0,
2026-06-05 22:45:00,952.18,953.36,949.62,949.7,27,3315.0,
2026-06-05 23:00:00,949.7,953.36,949.7,953.36,9,3315.0,
2026-06-05 23:15:00,953.36,954.8,953.2,953.2,3,3315.0,
2026-06-05 23:30:00,953.2,953.2,951.7,952.22,6,3315.0,
2026-06-05 23:45:00,952.22,952.22,948.7,948.7,3,3315.0,
2026-06-06 00:15:00,948.68,948.84,948.68,948.84,12,3321.0,
2026-06-06 00:30:00,948.84,948.84,946.12,947.0,3,3315.0,
2026-06-06 00:45:00,947.0,947.0,945.68,946.88,3,3312.0,
2026-06-06 01:00:00,946.88,950.0,946.88,949.88,3,3309.0,
2026-06-06 01:15:00,949.88,949.88,949.14,949.76,3,3315.0,
2026-06-06 01:30:00,949.76,949.76,949.76,949.76,0,3315.0,
2026-06-06 01:45:00,949.76,950.42,949.22,950.42,3,3315.0,
2026-06-06 02:15:00,950.42,950.42,946.96,946.96,9,3321.0,
2026-06-06 02:30:00,946.96,946.96,945.28,945.28,6,3321.0,
2026-06-08 00:00:00,948.7,949.5,948.68,948.68,3,3315.0,
2026-06-08 09:15:00,945.28,949.4,945.28,945.96,333,3252.0,
2026-06-08 09:30:00,945.96,945.96,941.66,942.42,144,3207.0,
2026-06-08 09:45:00,942.42,945.0,939.76,944.7,27,3150.0,
2026-06-08 10:00:00,944.7,944.8,943.5,944.36,33,3129.0,
2026-06-08 10:15:00,944.36,945.46,942.84,943.04,252,2985.0,
2026-06-08 10:45:00,943.04,943.22,940.56,943.22,516,2820.0,
2026-06-08 11:00:00,943.22,944.0,941.64,941.64,72,2790.0,
2026-06-08 11:15:00,941.64,941.84,940.18,940.18,108,2730.0,
2026-06-08 11:30:00,940.18,941.86,940.18,941.2,486,2754.0,
2026-06-08 13:45:00,941.2,941.2,932.72,935.88,141,2685.0,
2026-06-08 14:00:00,935.88,938.0,935.62,937.6,378,2634.0,
2026-06-08 14:15:00,937.6,940.3,937.6,940.1,210,2595.0,
2026-06-08 14:30:00,940.1,941.38,938.64,940.66,285,2571.0,
2026-06-08 14:45:00,940.66,940.66,937.46,939.46,126,2589.0,
2026-06-08 15:00:00,939.46,939.46,937.96,937.96,18,2577.0,
2026-06-08 21:15:00,944.5,945.0,942.98,943.02,21,2565.0,
2026-06-08 21:30:00,942.22,944.6,942.22,944.6,9,2562.0,
2026-06-08 21:45:00,944.6,947.56,944.6,944.9,6,2559.0,
2026-06-08 22:00:00,944.9,946.42,944.9,945.74,27,2559.0,
2026-06-08 22:15:00,945.74,945.74,944.32,944.32,3,2562.0,
2026-06-08 22:30:00,944.32,944.32,944.32,944.32,0,2562.0,
2026-06-08 22:45:00,944.32,944.32,942.3,942.3,3,2562.0,
2026-06-08 23:00:00,942.3,942.3,942.3,942.3,0,2562.0,
2026-06-08 23:15:00,942.3,946.38,942.3,946.38,3,2559.0,
2026-06-08 23:30:00,946.38,946.38,946.38,946.38,0,2559.0,
2026-06-08 23:45:00,946.38,946.38,946.38,946.38,0,2559.0,
2026-06-09 00:00:00,946.38,946.38,946.38,946.38,0,2559.0,
2026-06-09 00:15:00,946.38,946.38,946.38,946.38,0,2559.0,
2026-06-09 00:30:00,946.38,946.38,946.38,946.38,0,2559.0,
2026-06-09 00:45:00,946.38,946.38,946.38,946.38,0,2559.0,
2026-06-09 01:15:00,946.38,946.38,946.38,946.38,0,2559.0,
2026-06-09 02:15:00,946.38,946.38,946.38,946.38,0,2559.0,
2026-06-09 09:15:00,946.38,946.38,946.38,946.38,33,2526.0,
2026-06-09 09:30:00,946.38,946.38,945.1,946.0,27,2517.0,
2026-06-09 09:45:00,946.0,946.8,946.0,946.8,3,2514.0,
2026-06-09 10:00:00,946.8,946.8,946.8,946.8,0,2514.0,
2026-06-09 10:15:00,946.8,946.8,946.8,946.8,0,2514.0,
2026-06-09 10:45:00,946.8,946.8,946.8,946.8,0,2514.0,
2026-06-09 11:00:00,946.8,946.8,946.78,946.78,3,2514.0,
2026-06-09 11:15:00,946.78,946.78,946.78,946.78,0,2514.0,
2026-06-09 11:30:00,946.78,946.78,946.78,946.78,0,2514.0,
2026-06-09 13:45:00,944.7,946.78,944.7,944.7,3,2514.0,
2026-06-09 14:00:00,944.7,948.98,944.7,948.08,48,2511.0,
2026-06-09 14:15:00,948.08,948.12,947.92,948.02,48,2514.0,
2026-06-09 14:30:00,948.02,948.02,942.22,946.42,9,2508.0,
2026-06-09 14:45:00,944.24,946.42,944.24,944.24,6,2508.0,
2026-06-09 15:00:00,944.24,944.24,943.9,943.9,3,2505.0,
2026-06-09 21:30:00,942.74,942.74,942.74,942.74,6,2505.0,
2026-06-09 21:45:00,942.74,942.74,942.74,942.74,0,2505.0,
2026-06-09 22:00:00,942.74,942.74,942.74,942.74,0,2505.0,
2026-06-09 22:15:00,942.74,942.74,942.74,942.74,0,2505.0,
2026-06-09 22:30:00,942.74,942.74,942.74,942.74,0,2505.0,
2026-06-09 22:45:00,942.74,942.74,942.74,942.74,0,2505.0,
2026-06-09 23:00:00,942.74,942.74,942.74,942.74,0,2505.0,
2026-06-09 23:15:00,942.74,942.74,942.74,942.74,0,2505.0,
2026-06-09 23:30:00,942.74,942.74,942.74,942.74,0,2505.0,
2026-06-09 23:45:00,942.74,942.74,942.74,942.74,0,2505.0,
2026-06-10 00:00:00,942.74,942.74,942.74,942.74,0,2505.0,
2026-06-10 00:15:00,942.74,942.74,942.74,942.74,0,2505.0,
2026-06-10 00:30:00,942.74,942.74,942.74,942.74,0,2505.0,
2026-06-10 00:45:00,942.74,942.74,942.74,942.74,0,2505.0,
2026-06-10 01:00:00,942.74,942.74,942.74,942.74,0,2505.0,
2026-06-10 01:15:00,942.74,942.74,942.74,942.74,0,2505.0,
2026-06-10 01:30:00,942.74,942.74,942.74,942.74,0,2505.0,
2026-06-10 01:45:00,942.74,942.74,942.74,942.74,0,2505.0,
2026-06-10 02:30:00,942.74,942.74,942.74,942.74,0,2505.0,
2026-06-10 09:15:00,942.74,942.74,914.64,914.64,3,2505.0,
2026-06-10 09:30:00,914.64,914.64,914.64,914.64,0,2505.0,
2026-06-10 09:45:00,914.64,914.64,914.64,914.64,0,2505.0,
2026-06-10 10:00:00,914.64,914.64,912.32,912.52,9,2505.0,
2026-06-10 10:15:00,912.52,912.52,910.2,910.2,3,2505.0,
2026-06-10 10:45:00,910.2,910.2,910.0,910.0,6,2505.0,
2026-06-10 11:00:00,910.0,912.0,907.0,907.0,6,2505.0,
2026-06-10 11:15:00,907.0,909.22,907.0,909.22,39,2505.0,
2026-06-10 11:30:00,909.22,910.04,909.22,909.9,24,2496.0,
2026-06-10 13:45:00,909.9,912.7,909.9,912.7,84,2493.0,
2026-06-10 14:00:00,912.7,917.96,912.7,916.0,45,2478.0,
2026-06-10 14:15:00,916.0,919.4,916.0,919.4,36,2457.0,
2026-06-10 14:30:00,919.4,919.5,917.58,917.94,51,2430.0,
2026-06-10 14:45:00,917.94,917.94,916.58,916.58,6,2424.0,
2026-06-10 15:00:00,916.58,916.58,916.0,916.0,12,2412.0,
2026-06-10 21:30:00,886.5,901.5,886.5,901.5,6,2409.0,
2026-06-10 21:45:00,901.5,901.5,901.5,901.5,0,2409.0,
2026-06-10 22:00:00,901.5,901.5,901.5,901.5,0,2409.0,
2026-06-10 22:15:00,901.5,910.0,901.5,910.0,3,2406.0,
2026-06-10 22:30:00,910.0,910.0,909.0,909.0,3,2406.0,
2026-06-10 22:45:00,909.0,909.0,909.0,909.0,0,2406.0,
2026-06-10 23:00:00,909.0,909.0,909.0,909.0,0,2406.0,
2026-06-10 23:15:00,909.0,909.0,909.0,909.0,0,2406.0,
2026-06-10 23:30:00,909.0,909.0,909.0,909.0,0,2406.0,
2026-06-10 23:45:00,909.0,909.0,909.0,909.0,0,2406.0,
2026-06-11 00:00:00,909.0,909.0,909.0,909.0,0,2406.0,
2026-06-11 00:15:00,909.0,909.0,909.0,909.0,0,2406.0,
2026-06-11 00:45:00,909.0,909.0,909.0,909.0,0,2406.0,
2026-06-11 01:15:00,909.0,909.0,909.0,909.0,0,2406.0,
2026-06-11 01:30:00,909.0,909.0,909.0,909.0,0,2406.0,
2026-06-11 01:45:00,909.0,909.0,909.0,909.0,0,2406.0,
2026-06-11 02:00:00,909.0,909.0,909.0,909.0,0,2406.0,
2026-06-11 02:15:00,909.0,909.0,909.0,909.0,0,2406.0,
2026-06-11 02:30:00,909.0,909.0,909.0,909.0,0,2406.0,
2026-06-11 09:15:00,909.0,909.0,888.02,888.02,3,2403.0,
2026-06-11 09:30:00,888.02,888.02,888.02,888.02,0,2403.0,
2026-06-11 09:45:00,888.02,888.02,888.02,888.02,0,2403.0,
2026-06-11 10:00:00,888.02,888.02,888.02,888.02,3,2406.0,
2026-06-11 10:15:00,888.02,898.88,888.02,891.78,9,2403.0,
2026-06-11 10:45:00,891.78,891.78,891.78,891.78,0,2403.0,
2026-06-11 11:00:00,891.78,891.78,884.0,885.42,12,2400.0,
2026-06-11 11:15:00,885.42,887.24,885.42,887.24,3,2400.0,
2026-06-11 11:30:00,887.24,887.24,887.24,887.24,0,2400.0,
2026-06-11 13:45:00,887.24,887.24,887.24,887.24,0,2400.0,
2026-06-11 14:00:00,887.24,890.0,887.24,890.0,12,2400.0,
2026-06-11 14:15:00,890.0,890.0,888.16,889.0,15,2394.0,
2026-06-11 14:30:00,889.0,890.0,889.0,890.0,9,2385.0,
2026-06-11 14:45:00,890.0,890.0,889.0,889.0,3,2382.0,
2026-06-11 15:00:00,889.0,889.0,889.0,889.0,0,2382.0,
2026-06-11 21:15:00,889.0,889.0,889.0,889.0,6,2382.0,
2026-06-11 21:30:00,889.0,889.0,887.0,887.0,6,2382.0,
2026-06-11 21:45:00,887.0,887.0,885.5,886.7,12,2376.0,
2026-06-11 22:00:00,886.7,890.0,886.7,890.0,3,2376.0,
2026-06-11 22:15:00,890.0,890.0,887.0,887.0,3,2376.0,
2026-06-11 22:30:00,883.0,887.0,883.0,887.0,3,2373.0,
2026-06-11 22:45:00,887.0,887.0,887.0,887.0,3,2373.0,
2026-06-11 23:00:00,887.0,887.0,887.0,887.0,3,2373.0,
2026-06-11 23:15:00,887.0,887.0,887.0,887.0,0,2373.0,
2026-06-11 23:30:00,887.0,889.0,887.0,889.0,3,2370.0,
2026-06-11 23:45:00,887.5,889.0,887.5,887.5,3,2370.0,
2026-06-12 00:00:00,887.5,887.5,887.5,887.5,0,2370.0,
2026-06-12 00:30:00,887.5,887.5,887.5,887.5,0,2370.0,
2026-06-12 01:00:00,887.5,887.5,887.5,887.5,0,2370.0,
2026-06-12 01:15:00,887.5,887.5,887.5,887.5,0,2370.0,
2026-06-12 01:30:00,887.5,887.5,887.5,887.5,0,2370.0,
2026-06-12 01:45:00,887.5,904.68,887.5,904.68,6,2370.0,
2026-06-12 02:00:00,904.68,904.68,904.68,904.68,0,2370.0,
2026-06-12 02:15:00,904.68,904.68,904.68,904.68,0,2370.0,
2026-06-12 02:30:00,904.68,904.68,904.68,904.68,0,2370.0,
2026-06-12 09:15:00,904.68,904.68,904.68,904.68,0,2370.0,
2026-06-12 09:30:00,904.68,912.5,904.68,912.2,84,2286.0,
2026-06-12 09:45:00,912.2,912.2,912.2,912.2,0,2286.0,
2026-06-12 10:00:00,912.2,912.2,908.8,908.8,9,2286.0,
2026-06-12 10:15:00,906.02,906.02,906.02,906.02,3,2286.0,
2026-06-12 10:45:00,906.02,910.4,906.02,910.4,102,2184.0,
2026-06-12 11:00:00,910.4,910.4,910.4,910.4,0,2184.0,
2026-06-12 11:15:00,910.4,910.4,910.4,910.4,0,2184.0,
2026-06-12 11:30:00,910.4,912.0,910.0,912.0,18,2184.0,
2026-06-12 13:45:00,912.0,912.0,912.0,912.0,0,2184.0,
2026-06-12 14:00:00,912.0,912.0,912.0,912.0,0,2184.0,
2026-06-12 14:15:00,912.0,912.0,912.0,912.0,0,2184.0,
2026-06-12 14:30:00,912.0,912.0,907.18,907.18,6,2184.0,
2026-06-12 14:45:00,907.18,907.18,907.18,907.18,0,2184.0,
2026-06-12 15:00:00,907.18,907.26,907.18,907.26,3,2184.0,
2026-06-12 21:15:00,907.26,907.26,907.26,907.26,3,2184.0,
2026-06-12 21:30:00,910.48,910.48,907.26,910.48,3,2184.0,
2026-06-12 21:45:00,910.48,912.68,910.48,912.68,15,2181.0,
2026-06-12 22:00:00,912.68,912.68,912.68,912.68,0,2181.0,
2026-06-12 22:15:00,912.68,912.68,912.68,912.68,0,2181.0,
2026-06-12 22:30:00,912.68,912.68,912.68,912.68,0,2181.0,
2026-06-12 22:45:00,912.68,912.68,912.68,912.68,0,2181.0,
2026-06-12 23:00:00,912.68,912.68,912.68,912.68,0,2181.0,
2026-06-15 09:15:00,912.68,934.0,912.68,934.0,51,2151.0,
2026-06-15 09:30:00,932.72,934.0,932.72,932.72,6,2151.0,
2026-06-15 09:45:00,932.72,932.72,932.72,932.72,0,2151.0,
2026-06-15 10:00:00,932.72,932.72,932.72,932.72,0,2151.0,
2026-06-15 10:15:00,932.72,932.72,932.72,932.72,0,2151.0,
2026-06-15 10:45:00,932.72,941.22,920.08,941.22,6,2151.0,
2026-06-15 11:00:00,941.22,943.9,910.04,939.68,45,2157.0,
2026-06-15 11:15:00,939.68,939.68,939.68,939.68,0,2157.0,
2026-06-15 11:30:00,939.68,939.68,939.68,939.68,0,2157.0,
2026-06-15 13:45:00,939.68,940.18,939.68,940.18,3,2157.0,
2026-06-15 14:00:00,940.18,940.18,936.0,936.0,6,2154.0,
2026-06-15 14:15:00,936.0,936.28,934.8,934.8,6,2148.0,
2026-06-15 14:30:00,934.8,934.8,934.8,934.8,0,2148.0,
2026-06-15 14:45:00,934.8,934.8,934.8,934.8,0,2148.0,
2026-06-15 15:00:00,934.8,934.8,934.8,934.8,0,2148.0,
2026-06-16 14:59:00,552.0784094654846,555.1415611980859,545.9432579649189,545.9432579649189,543,,8161.0
2026-06-17 21:00:00,545.5887376687632,552.7847726396454,545.5887376687632,551.5898274951467,906,,17295.0
2026-06-17 21:05:00,545.6740032811031,554.8541449915049,542.4299724239572,548.5429756658955,596,,13556.0
2026-06-17 21:10:00,545.3141295805302,555.3923393139476,544.7297294294459,549.1110227604973,3398,,13465.0
2026-06-17 21:15:00,548.304284890805,557.2335256588098,544.0705996148594,553.638367483696,2879,,36146.0
